studio,primary_genre,genre_count,source_material,demographic,episodes,episode_length_min,animation_budget_tier,marketing_spend_tier,voice_cast_popularity,director_experience_years,studio_prior_hits,release_season,release_year,has_sequel_potential_arc,mal_rating,popularity_score,success_tier
Lerche,Sci-Fi,2,Manga,Seinen,13,24,Low,High,1.81,9.1,4,Fall,2024,0,6.02,59.0,Average
Doga Kobo,Adventure,3,Visual Novel,Shounen,12,24,High,Medium,4.24,8.5,8,Summer,2021,0,8.55,86.7,Hit
Bones,Sports,3,Manga,Shounen,25,24,Medium,Medium,6.4,12.7,10,Winter,2019,0,10.0,100.0,Hit
J.C.Staff,Supernatural,3,Manga,Shounen,13,24,Medium,Medium,4.02,7.8,7,Winter,2015,1,7.57,87.2,Hit
Pierrot,Mecha,3,Visual Novel,Shoujo,12,24,Low,Low,5.63,5.9,6,Winter,2017,0,4.77,38.2,Flop
CloverWorks,Isekai,3,Manga,Shounen,12,24,Medium,Medium,5.16,14.0,7,Winter,2023,1,8.1,79.1,Hit
Bones,Sci-Fi,2,Light Novel,Shounen,50,24,Low,Low,5.54,12.5,4,Winter,2015,1,6.56,43.2,Average
Silver Link,Supernatural,3,Original,Seinen,25,24,High,Low,2.75,11.9,5,Fall,2020,0,6.7,64.7,Average
CloverWorks,Drama,3,Visual Novel,Seinen,12,24,High,High,3.96,17.7,4,Fall,2019,1,9.78,87.7,Hit
A-1 Pictures,Mystery,1,Manga,Seinen,12,24,Low,Low,1.22,8.8,11,Winter,2020,0,8.19,70.2,Hit
Trigger,Fantasy,2,Manga,Shounen,12,24,Medium,Low,5.81,3.5,4,Fall,2022,0,7.05,60.5,Average
MAPPA,Slice of Life,2,Manga,Seinen,26,24,Low,Low,6.01,6.4,5,Spring,2019,1,9.62,100.0,Hit
A-1 Pictures,Psychological,1,Manga,Shounen,50,12,Medium,High,7.52,9.5,8,Spring,2017,0,9.69,85.7,Hit
Silver Link,Fantasy,3,Light Novel,Seinen,12,24,Medium,Medium,2.43,5.5,5,Fall,2016,1,5.52,33.1,Flop
Diomedea,Action,3,Light Novel,Shounen,24,24,Low,Medium,1.76,6.6,4,Fall,2024,1,3.97,44.6,Flop
MAPPA,Drama,1,Original,Shounen,12,12,Medium,Medium,6.01,9.5,6,Fall,2020,0,9.5,100.0,Hit
Doga Kobo,Mecha,1,Light Novel,Shounen,24,24,Low,Medium,6.35,12.8,7,Summer,2018,0,7.63,63.9,Average
Studio Deen,Romance,2,Game,Shounen,26,12,Medium,Medium,4.56,4.7,3,Winter,2022,1,5.56,33.6,Flop
Sunrise,Horror,2,Web Novel,Seinen,12,24,High,High,4.15,4.7,7,Winter,2017,1,9.26,66.8,Hit
CloverWorks,Isekai,3,Manga,Shounen,24,24,Low,Low,6.44,6.6,4,Spring,2023,0,8.65,70.7,Hit
Pierrot,Adventure,2,Manga,Shoujo,26,12,Low,Medium,5.35,11.5,4,Winter,2016,1,5.48,57.4,Average
ufotable,Horror,1,Manga,Shoujo,12,24,Medium,Low,7.7,6.3,11,Spring,2024,0,10.0,89.6,Hit
Zero-G,Slice of Life,2,Original,Seinen,50,24,Low,High,3.38,5.2,6,Spring,2023,1,6.56,62.8,Average
Silver Link,Sci-Fi,1,Light Novel,Seinen,100,24,Medium,High,5.49,6.8,6,Fall,2017,0,6.62,80.2,Average
Lerche,Sci-Fi,1,Manga,Seinen,12,24,High,Low,3.3,8.2,3,Summer,2021,1,8.57,79.2,Hit
Zero-G,Supernatural,1,Original,Seinen,24,24,Medium,Low,4.45,10.0,3,Winter,2017,1,7.21,56.0,Average
Madhouse,Sports,1,Original,Shounen,24,24,Medium,Medium,6.77,2.4,5,Summer,2015,0,8.27,80.9,Hit
Sunrise,Isekai,3,Web Novel,Josei,12,24,High,Medium,6.91,0.3,10,Fall,2018,1,8.8,100.0,Hit
J.C.Staff,Slice of Life,2,Manga,Josei,13,12,High,Low,5.86,4.0,3,Summer,2017,1,7.51,70.9,Hit
Production I.G,Supernatural,3,Original,Shounen,24,24,Medium,High,2.35,10.1,4,Fall,2019,1,7.38,83.5,Hit
Silver Link,Sci-Fi,1,Manga,Shounen,13,24,Low,Low,4.01,4.5,6,Fall,2019,0,2.53,29.0,Flop
Kyoto Animation,Action,3,Manga,Seinen,12,24,High,Low,5.37,8.9,10,Winter,2017,1,10.0,100.0,Hit
Studio Deen,Romance,3,Light Novel,Shounen,24,12,Medium,High,2.33,6.8,2,Spring,2021,0,7.93,99.9,Hit
WIT Studio,Adventure,3,Manga,Shounen,12,24,Medium,High,5.78,10.6,10,Summer,2021,1,10.0,99.8,Hit
A-1 Pictures,Adventure,1,Visual Novel,Shounen,24,24,Medium,Low,4.38,7.5,7,Summer,2022,0,8.36,76.1,Hit
Lerche,Adventure,1,Light Novel,Seinen,13,24,High,Low,2.34,12.8,5,Summer,2023,0,7.51,62.2,Average
Zero-G,Drama,1,Game,Shounen,13,24,Low,Low,6.06,5.3,3,Summer,2020,0,3.31,15.6,Flop
ufotable,Action,3,Manga,Seinen,24,12,Medium,Medium,4.35,9.5,6,Summer,2015,1,8.56,100.0,Hit
Zero-G,Sci-Fi,3,Manga,Shounen,12,24,High,High,5.41,0.0,6,Winter,2021,0,9.93,97.5,Hit
WIT Studio,Romance,3,Original,Seinen,12,24,Low,High,7.82,8.9,8,Summer,2022,0,9.99,96.9,Hit
Toei Animation,Mystery,2,Original,Shounen,26,24,Medium,Medium,4.19,0.8,7,Fall,2018,0,7.88,64.9,Hit
CloverWorks,Mystery,2,Light Novel,Shoujo,12,24,High,Medium,6.45,8.0,7,Spring,2021,0,10.0,97.3,Hit
Pierrot,Horror,1,Manga,Seinen,12,24,High,Low,4.35,12.9,4,Fall,2020,0,8.75,95.6,Hit
A-1 Pictures,Isekai,1,Manga,Seinen,12,24,Medium,Low,7.2,5.4,3,Fall,2018,0,5.74,52.4,Average
Sunrise,Comedy,3,Original,Seinen,12,24,Low,Medium,4.15,12.3,10,Fall,2021,0,5.38,75.9,Average
WIT Studio,Sports,1,Manga,Shoujo,24,24,Medium,Medium,5.73,2.6,8,Spring,2020,1,8.43,86.9,Hit
Lerche,Sci-Fi,1,Manga,Josei,13,24,Medium,Medium,5.77,7.4,8,Winter,2021,1,6.09,52.6,Average
CloverWorks,Comedy,2,Manga,Shoujo,26,24,High,Medium,4.97,1.4,4,Spring,2015,1,7.64,50.6,Average
Zero-G,Psychological,2,Original,Seinen,12,24,Medium,Low,4.04,16.9,7,Winter,2024,1,6.8,83.5,Hit
Trigger,Action,1,Manga,Shounen,24,24,High,Medium,5.57,16.8,10,Spring,2019,1,9.08,100.0,Hit
Production I.G,Isekai,1,Game,Seinen,12,24,High,Low,8.89,6.6,5,Spring,2022,0,9.02,81.7,Hit
Trigger,Psychological,3,Light Novel,Seinen,13,24,Medium,Low,5.68,8.6,9,Winter,2021,0,9.36,100.0,Hit
J.C.Staff,Mystery,1,Manga,Shoujo,12,24,High,Medium,4.12,6.6,8,Winter,2017,0,9.0,87.3,Hit
Trigger,Drama,1,Light Novel,Seinen,13,24,Medium,High,4.25,1.9,9,Winter,2015,1,9.29,85.2,Hit
J.C.Staff,Mystery,3,Manga,Josei,13,24,Low,Medium,6.26,3.1,5,Spring,2023,1,5.95,97.4,Hit
Lerche,Action,2,Manga,Seinen,12,12,High,Low,4.73,12.9,10,Summer,2024,0,8.34,81.2,Hit
Trigger,Romance,3,Light Novel,Shounen,12,24,Medium,Low,3.14,8.1,9,Fall,2016,0,8.68,81.4,Hit
Trigger,Sci-Fi,1,Manga,Shounen,24,24,Medium,Low,9.47,6.9,7,Summer,2017,0,8.51,78.3,Hit
Madhouse,Drama,3,Light Novel,Shoujo,24,24,Medium,Low,5.68,9.5,5,Summer,2019,1,8.65,85.1,Hit
CloverWorks,Sports,2,Manga,Shounen,12,24,High,Medium,8.7,3.5,9,Fall,2023,0,8.0,80.7,Hit
J.C.Staff,Supernatural,3,Manga,Shoujo,24,24,High,Low,5.87,13.5,7,Fall,2015,0,6.17,57.6,Average
Silver Link,Comedy,2,Original,Shounen,12,12,Low,High,5.94,13.3,5,Winter,2023,0,7.25,74.4,Hit
ufotable,Sci-Fi,2,Visual Novel,Seinen,24,12,Low,Medium,7.22,14.7,10,Fall,2022,0,9.42,100.0,Hit
Sunrise,Action,1,Original,Shounen,12,12,Medium,High,3.43,10.5,5,Summer,2022,1,8.53,72.5,Hit
CloverWorks,Mecha,1,Web Novel,Seinen,12,24,Medium,High,5.66,5.9,3,Fall,2017,0,5.99,77.8,Average
Trigger,Romance,2,Light Novel,Shounen,24,24,Low,High,9.26,5.1,10,Winter,2015,0,9.3,96.0,Hit
Toei Animation,Slice of Life,2,Visual Novel,Seinen,13,24,Low,Low,2.5,6.0,12,Winter,2016,1,7.82,68.5,Hit
WIT Studio,Sci-Fi,3,Manga,Seinen,26,24,Low,Medium,6.36,3.4,12,Summer,2023,0,9.42,100.0,Hit
Studio Deen,Mecha,2,Manga,Shounen,26,24,Low,Medium,3.37,13.2,2,Fall,2020,1,4.0,23.7,Flop
J.C.Staff,Mystery,1,Light Novel,Shounen,12,24,Medium,Low,6.62,8.2,6,Summer,2016,1,6.22,56.5,Average
WIT Studio,Isekai,2,Game,Seinen,50,24,Medium,Low,4.57,10.3,6,Winter,2023,0,6.63,80.0,Average
Toei Animation,Sports,3,Original,Seinen,100,24,Medium,Low,5.48,6.7,8,Winter,2023,0,7.22,62.5,Average
Silver Link,Slice of Life,3,Light Novel,Shounen,12,24,Medium,Low,4.24,8.1,5,Winter,2022,0,5.58,60.2,Average
Zero-G,Mystery,2,Manga,Seinen,24,24,Medium,Low,4.67,9.7,5,Fall,2022,0,6.02,54.5,Average
MAPPA,Horror,2,Visual Novel,Seinen,12,12,Low,Low,6.46,11.0,8,Fall,2016,0,8.43,72.1,Hit
Silver Link,Fantasy,2,Manga,Shounen,24,12,Low,Low,5.96,10.0,5,Winter,2022,1,6.74,76.9,Average
Studio Deen,Drama,1,Manga,Shounen,12,12,High,Medium,4.75,5.6,7,Spring,2017,0,7.47,99.0,Hit
J.C.Staff,Sports,3,Original,Seinen,13,24,Medium,Low,7.28,13.7,7,Fall,2018,0,7.35,58.1,Average
J.C.Staff,Drama,3,Original,Shounen,50,12,High,Medium,7.3,5.3,4,Spring,2017,0,9.43,91.4,Hit
Madhouse,Supernatural,3,Manga,Shoujo,24,24,High,Low,6.7,14.8,10,Summer,2018,0,9.47,91.2,Hit
Madhouse,Supernatural,2,Visual Novel,Shoujo,26,24,Low,Low,5.44,4.7,11,Winter,2016,1,9.03,83.7,Hit
Studio Deen,Romance,1,Light Novel,Seinen,26,24,Medium,Low,3.03,10.6,4,Fall,2016,1,4.47,49.0,Flop
Production I.G,Supernatural,1,Manga,Shounen,24,24,Medium,Low,8.78,7.1,8,Fall,2018,1,9.82,87.6,Hit
Bones,Horror,2,Web Novel,Shounen,12,24,Medium,Medium,5.17,9.3,9,Fall,2020,1,8.2,85.6,Hit
ufotable,Mystery,3,Original,Seinen,24,24,Low,Medium,7.13,6.7,4,Winter,2021,0,10.0,100.0,Hit
Kyoto Animation,Psychological,2,Manga,Seinen,100,24,Medium,High,2.28,2.7,13,Fall,2022,1,10.0,91.6,Hit
Production I.G,Isekai,1,Original,Josei,12,24,Medium,Low,8.15,4.7,7,Fall,2020,0,10.0,100.0,Hit
Production I.G,Horror,3,Manga,Seinen,24,24,Low,Medium,6.02,3.5,4,Spring,2021,1,6.76,85.3,Hit
Madhouse,Supernatural,2,Original,Shoujo,26,24,Low,Low,5.74,3.2,15,Summer,2021,0,8.82,67.0,Hit
Sunrise,Sports,2,Manga,Seinen,24,24,Low,Medium,7.42,7.5,10,Spring,2019,0,7.37,79.2,Hit
A-1 Pictures,Isekai,3,Manga,Josei,26,24,Medium,Medium,6.03,10.5,4,Fall,2015,0,9.94,92.8,Hit
Pierrot,Action,1,Manga,Seinen,50,24,Low,Medium,4.67,5.5,4,Spring,2017,0,5.35,49.5,Flop
Kyoto Animation,Action,1,Original,Seinen,50,24,Medium,Low,7.56,11.6,9,Fall,2020,1,9.82,75.3,Hit
Toei Animation,Isekai,2,Original,Seinen,50,24,Low,Medium,6.0,7.4,5,Winter,2024,0,7.33,73.8,Hit
Sunrise,Sci-Fi,3,Manga,Shoujo,24,24,High,Medium,6.04,7.1,6,Fall,2017,0,9.87,100.0,Hit
Lerche,Mystery,1,Manga,Shounen,12,24,High,High,4.18,5.7,9,Winter,2021,0,7.61,61.5,Average
Studio Deen,Slice of Life,1,Manga,Shounen,12,24,Medium,Low,1.0,5.3,4,Spring,2018,1,5.79,92.4,Average
ufotable,Comedy,1,Manga,Seinen,13,24,Medium,Medium,5.21,9.7,9,Winter,2019,0,10.0,100.0,Hit
Silver Link,Sports,2,Light Novel,Josei,24,24,Low,High,6.28,13.2,1,Spring,2019,1,7.02,42.9,Average
A-1 Pictures,Slice of Life,1,Manga,Shounen,13,24,Low,Medium,3.89,8.4,4,Winter,2015,0,5.87,61.3,Average
Pierrot,Isekai,1,Manga,Shounen,13,24,Low,Low,6.19,15.5,10,Spring,2019,1,5.56,70.1,Average
Madhouse,Drama,1,Manga,Shounen,12,24,Low,Low,6.1,4.8,7,Fall,2016,0,6.1,70.1,Average
MAPPA,Slice of Life,3,Manga,Shounen,12,24,Medium,High,8.46,2.7,7,Winter,2016,0,10.0,93.0,Hit
Doga Kobo,Mecha,3,Web Novel,Josei,24,12,Low,Medium,3.41,8.0,5,Fall,2016,0,5.96,61.9,Average
Doga Kobo,Comedy,3,Web Novel,Shounen,12,24,Low,High,4.73,7.0,5,Fall,2018,0,6.22,68.3,Average
A-1 Pictures,Mecha,2,Web Novel,Seinen,12,12,High,High,6.43,2.4,2,Winter,2023,0,7.36,77.3,Hit
Madhouse,Supernatural,2,Light Novel,Shounen,12,24,Medium,High,7.63,0.0,8,Winter,2020,0,10.0,95.9,Hit
J.C.Staff,Mecha,3,Manga,Seinen,26,12,Low,Low,4.42,13.5,4,Winter,2024,1,4.11,49.6,Flop
Zero-G,Supernatural,3,Original,Shounen,13,24,Medium,Low,4.02,4.3,5,Winter,2018,0,5.35,54.1,Flop
Bones,Isekai,3,Manga,Shounen,13,24,Low,Low,5.74,9.0,5,Summer,2020,0,8.19,81.1,Hit
Studio Deen,Mecha,3,Light Novel,Shounen,12,24,Medium,Medium,4.06,13.3,8,Fall,2018,0,8.42,77.5,Hit
Trigger,Mystery,2,Manga,Seinen,12,24,Medium,Low,4.96,8.2,5,Spring,2017,1,7.17,76.4,Hit
Bones,Adventure,2,Light Novel,Shounen,24,12,Medium,Low,4.64,8.5,9,Fall,2021,1,8.95,100.0,Hit
WIT Studio,Sci-Fi,3,Manga,Shounen,24,24,Low,Low,6.61,8.1,12,Spring,2015,1,8.81,100.0,Hit
J.C.Staff,Romance,3,Light Novel,Shounen,13,12,Medium,Low,3.73,5.8,6,Winter,2017,1,6.59,51.4,Average
Diomedea,Mecha,1,Original,Seinen,26,24,High,Low,4.66,5.2,3,Winter,2023,1,5.01,44.3,Flop
Madhouse,Psychological,3,Manga,Shounen,12,24,Low,High,4.04,9.8,12,Spring,2020,0,10.0,89.6,Hit
Pierrot,Isekai,1,Web Novel,Shoujo,12,24,Low,High,6.58,6.1,1,Winter,2015,0,5.24,31.1,Flop
Pierrot,Action,3,Web Novel,Seinen,26,12,Low,Low,4.24,9.9,3,Winter,2024,0,5.91,72.0,Average
Zero-G,Mecha,1,Manga,Seinen,12,24,Low,Medium,3.96,7.8,5,Fall,2024,0,6.32,56.9,Average
Madhouse,Mecha,3,Manga,Shounen,12,24,Low,Medium,8.68,4.1,7,Summer,2022,1,7.96,67.6,Hit
Doga Kobo,Romance,2,Web Novel,Seinen,12,24,Medium,Medium,4.06,9.3,1,Spring,2017,0,5.03,48.3,Flop
Trigger,Romance,2,Web Novel,Shounen,12,24,Low,Medium,6.69,4.8,8,Winter,2023,1,9.42,100.0,Hit
Bones,Isekai,2,Original,Shounen,24,24,Low,Low,6.35,4.4,14,Fall,2024,1,7.85,67.5,Hit
Studio Deen,Psychological,3,Light Novel,Seinen,12,24,Medium,Medium,1.97,1.7,5,Spring,2022,0,6.45,60.6,Average
Trigger,Isekai,2,Visual Novel,Shoujo,12,24,Medium,Medium,5.53,11.5,5,Winter,2017,0,8.19,80.1,Hit
WIT Studio,Psychological,2,Web Novel,Shounen,12,12,High,Medium,4.41,17.8,7,Fall,2017,0,10.0,89.0,Hit
Pierrot,Action,1,Light Novel,Shounen,24,24,High,Medium,1.97,5.2,3,Fall,2016,1,5.3,52.6,Flop
A-1 Pictures,Romance,1,Light Novel,Shounen,24,24,Low,High,6.77,5.5,4,Summer,2021,0,6.27,54.4,Average
Zero-G,Mystery,3,Manga,Shoujo,12,24,Medium,Low,2.62,7.6,6,Spring,2024,0,4.6,40.0,Flop
J.C.Staff,Sports,3,Manga,Seinen,12,24,Medium,Medium,6.45,10.9,4,Winter,2015,1,5.57,67.1,Average
Madhouse,Comedy,1,Manga,Josei,24,24,Medium,Low,3.04,2.7,7,Fall,2021,0,8.81,92.4,Hit
WIT Studio,Slice of Life,2,Light Novel,Shounen,13,24,Low,Medium,4.54,11.1,11,Spring,2016,1,8.6,100.0,Hit
Doga Kobo,Mecha,2,Manga,Shoujo,13,24,Medium,Low,6.0,6.5,4,Spring,2018,1,7.19,48.4,Average
Bones,Sci-Fi,1,Visual Novel,Shounen,12,24,Medium,High,7.7,3.8,12,Spring,2023,0,9.12,86.6,Hit
Lerche,Horror,3,Original,Seinen,12,24,Low,High,2.94,5.9,9,Summer,2024,1,4.48,53.4,Flop
Madhouse,Fantasy,3,Original,Shoujo,25,24,Medium,Medium,5.51,7.7,7,Summer,2024,1,9.92,84.5,Hit
Madhouse,Drama,2,Original,Shoujo,24,24,Low,Low,8.71,13.4,13,Spring,2017,0,9.95,98.5,Hit
Zero-G,Comedy,2,Game,Seinen,26,24,Medium,Low,1.65,5.1,4,Winter,2018,1,2.35,25.1,Flop
Bones,Isekai,3,Manga,Shounen,26,24,Low,Medium,6.72,16.5,6,Summer,2017,0,10.0,99.8,Hit
WIT Studio,Fantasy,3,Light Novel,Shoujo,50,24,High,High,5.77,8.9,8,Spring,2020,1,8.91,100.0,Hit
Lerche,Horror,3,Original,Josei,12,24,Low,High,3.96,6.3,5,Fall,2019,1,7.2,58.0,Average
ufotable,Sports,3,Light Novel,Shounen,12,24,Medium,Medium,5.96,1.0,8,Fall,2022,1,8.46,84.0,Hit
Production I.G,Sports,3,Light Novel,Shounen,12,12,High,Medium,6.75,6.7,5,Fall,2023,0,8.91,82.9,Hit
Toei Animation,Action,2,Light Novel,Shounen,12,24,Low,High,6.11,7.2,3,Spring,2019,1,5.09,48.1,Flop
Zero-G,Slice of Life,1,Manga,Seinen,12,24,Medium,High,5.5,4.0,3,Winter,2016,1,5.87,49.1,Flop
Diomedea,Horror,1,Manga,Seinen,13,24,Low,Low,4.79,10.6,5,Winter,2020,0,3.62,47.1,Flop
ufotable,Mecha,3,Light Novel,Shounen,100,24,Medium,Low,5.7,9.0,7,Summer,2021,0,9.34,98.0,Hit
A-1 Pictures,Drama,3,Web Novel,Shounen,24,24,Low,Low,6.06,2.2,7,Winter,2015,0,5.71,54.2,Average
Madhouse,Comedy,2,Manga,Seinen,12,24,Low,High,5.21,13.7,9,Summer,2017,0,5.56,45.0,Flop
WIT Studio,Isekai,1,Web Novel,Shounen,100,24,Medium,Low,3.85,8.3,8,Spring,2018,0,6.95,68.9,Average
MAPPA,Fantasy,2,Light Novel,Shounen,50,24,High,Low,7.7,5.8,8,Fall,2023,0,9.25,100.0,Hit
Diomedea,Isekai,3,Manga,Seinen,24,24,Low,Medium,1.75,3.3,7,Fall,2015,0,4.1,25.6,Flop
Production I.G,Action,3,Visual Novel,Josei,13,24,Medium,High,4.01,0.0,8,Fall,2015,1,9.34,87.7,Hit
Diomedea,Psychological,3,Visual Novel,Shoujo,25,24,Medium,Medium,4.79,9.0,4,Summer,2015,1,4.77,51.5,Flop
Toei Animation,Isekai,3,Manga,Shounen,12,24,Low,Medium,4.83,10.5,3,Fall,2017,0,8.54,84.6,Hit
Diomedea,Sci-Fi,1,Manga,Shounen,12,24,Medium,Medium,1.74,3.9,4,Summer,2024,1,3.4,28.1,Flop
Sunrise,Sci-Fi,2,Light Novel,Shounen,12,24,Low,Medium,4.99,9.3,3,Winter,2017,0,8.25,79.6,Hit
Studio Deen,Adventure,3,Web Novel,Shounen,12,12,Medium,Low,2.43,7.1,4,Fall,2022,1,3.88,36.1,Flop
Doga Kobo,Adventure,1,Manga,Shoujo,12,24,Low,High,5.73,3.9,9,Spring,2020,1,5.92,58.8,Average
WIT Studio,Slice of Life,3,Web Novel,Shoujo,24,24,Medium,Medium,5.33,4.6,7,Spring,2017,1,7.49,98.8,Hit
Zero-G,Sci-Fi,2,Manga,Shoujo,13,24,Medium,High,1.0,5.1,3,Winter,2021,1,4.29,47.0,Flop
Sunrise,Psychological,3,Manga,Seinen,12,24,Medium,Low,5.96,11.5,6,Spring,2016,1,8.63,83.3,Hit
J.C.Staff,Supernatural,3,Web Novel,Shounen,12,12,Medium,Low,4.69,3.0,4,Spring,2020,1,7.44,42.5,Average
Sunrise,Psychological,1,Manga,Josei,12,24,Low,High,4.09,14.6,4,Winter,2017,0,8.73,100.0,Hit
WIT Studio,Action,3,Manga,Shounen,12,24,Medium,Low,5.12,8.8,5,Fall,2023,0,9.62,89.5,Hit
Kyoto Animation,Supernatural,2,Web Novel,Shounen,24,24,Medium,Low,4.55,6.9,10,Fall,2020,1,8.11,70.8,Hit
Doga Kobo,Comedy,3,Light Novel,Shounen,12,12,Medium,High,6.14,4.5,6,Winter,2018,0,6.66,47.1,Average
Lerche,Isekai,2,Light Novel,Shounen,50,24,Low,Medium,3.85,3.9,8,Fall,2023,0,6.9,73.2,Average
CloverWorks,Action,3,Manga,Shounen,12,24,Medium,High,7.57,4.4,8,Summer,2024,1,8.7,95.4,Hit
Madhouse,Drama,3,Web Novel,Shounen,13,24,Low,Medium,6.84,15.2,11,Winter,2018,0,6.24,80.1,Average
Sunrise,Action,2,Light Novel,Shounen,12,24,High,Low,9.14,9.8,7,Summer,2018,1,7.06,62.5,Average
CloverWorks,Action,3,Manga,Shounen,13,12,High,Medium,3.7,8.7,10,Summer,2019,1,10.0,100.0,Hit
Doga Kobo,Drama,3,Visual Novel,Shounen,12,24,Low,Medium,4.67,11.3,4,Fall,2016,0,6.77,39.4,Average
Bones,Supernatural,1,Light Novel,Shounen,24,12,Low,Medium,3.51,11.2,12,Fall,2019,0,7.04,61.8,Average
Kyoto Animation,Sci-Fi,3,Original,Seinen,50,24,High,Medium,6.11,7.4,7,Fall,2016,0,9.76,100.0,Hit
A-1 Pictures,Mystery,1,Manga,Shounen,12,24,High,High,2.99,9.9,5,Winter,2015,0,10.0,82.4,Hit
MAPPA,Fantasy,2,Visual Novel,Shounen,13,24,Medium,Medium,4.35,4.3,8,Summer,2020,1,9.33,80.6,Hit
Madhouse,Slice of Life,3,Light Novel,Seinen,12,24,Medium,Medium,8.15,3.1,9,Summer,2017,1,9.07,97.9,Hit
J.C.Staff,Supernatural,3,Manga,Shounen,13,24,Medium,Low,3.26,14.2,4,Spring,2023,1,8.13,62.4,Hit
Doga Kobo,Sci-Fi,3,Web Novel,Shounen,12,24,Low,Low,4.68,10.3,5,Summer,2018,0,5.16,59.2,Flop
A-1 Pictures,Supernatural,1,Light Novel,Shounen,12,24,High,High,9.28,9.4,8,Winter,2021,0,9.73,97.3,Hit
A-1 Pictures,Action,3,Light Novel,Shoujo,100,24,Low,Low,7.55,9.3,9,Summer,2020,0,5.55,53.6,Flop
WIT Studio,Sports,3,Manga,Josei,12,24,Medium,Medium,2.84,6.0,5,Fall,2022,0,10.0,100.0,Hit
Studio Deen,Mystery,3,Visual Novel,Seinen,100,12,High,Medium,5.02,8.1,8,Winter,2015,0,9.88,88.3,Hit
Production I.G,Psychological,1,Original,Josei,12,24,Low,Low,3.7,12.3,5,Summer,2018,1,10.0,85.1,Hit
Pierrot,Drama,1,Manga,Shounen,26,24,High,High,6.38,8.1,4,Spring,2020,0,8.78,91.3,Hit
Pierrot,Mecha,1,Manga,Shounen,13,12,High,Low,5.99,12.1,5,Spring,2019,0,5.77,68.2,Average
Trigger,Comedy,2,Web Novel,Seinen,12,24,High,Low,5.86,9.3,5,Summer,2022,1,7.0,74.7,Average
Pierrot,Sports,3,Web Novel,Seinen,24,24,Medium,Low,5.8,11.9,3,Spring,2018,1,5.04,55.8,Flop
Trigger,Mecha,1,Visual Novel,Seinen,26,24,Medium,High,6.02,9.3,10,Spring,2022,0,9.84,88.3,Hit
Zero-G,Drama,3,Web Novel,Shounen,13,24,Medium,Medium,4.66,6.7,3,Summer,2017,0,3.97,53.8,Flop
MAPPA,Isekai,2,Web Novel,Seinen,26,12,High,Low,5.85,5.7,7,Winter,2018,0,7.65,71.6,Hit
ufotable,Action,3,Manga,Josei,12,24,Low,Medium,6.67,9.4,3,Fall,2023,0,9.52,73.4,Hit
Toei Animation,Sports,1,Visual Novel,Seinen,24,24,High,Low,7.27,4.4,8,Winter,2024,1,9.93,94.8,Hit
Bones,Sports,3,Web Novel,Shounen,50,24,Medium,Medium,6.77,17.2,12,Winter,2020,1,8.5,98.4,Hit
Trigger,Drama,3,Manga,Shoujo,50,24,Medium,Medium,4.47,6.6,3,Spring,2019,1,7.25,68.5,Average
Lerche,Fantasy,1,Light Novel,Shounen,26,24,Medium,High,3.86,10.4,4,Winter,2016,0,6.41,70.0,Average
WIT Studio,Sci-Fi,3,Manga,Shoujo,12,24,Low,High,7.09,10.8,4,Spring,2021,0,7.93,88.9,Hit
Sunrise,Action,1,Visual Novel,Shounen,24,24,Medium,Low,5.62,2.2,8,Fall,2020,0,7.51,73.7,Hit
Doga Kobo,Isekai,3,Light Novel,Shounen,24,24,Medium,Medium,4.38,8.3,7,Fall,2017,0,7.34,75.6,Hit
Bones,Sci-Fi,3,Visual Novel,Shounen,26,24,Medium,Low,3.94,4.3,7,Fall,2024,0,7.38,81.2,Hit
Studio Deen,Sports,1,Light Novel,Josei,24,24,High,High,5.23,17.8,5,Winter,2024,1,7.66,73.7,Hit
Production I.G,Sports,1,Light Novel,Shounen,12,24,Medium,High,7.04,12.9,9,Fall,2019,0,9.9,95.5,Hit
Zero-G,Supernatural,1,Light Novel,Shounen,24,24,High,Low,3.23,9.4,4,Summer,2018,0,3.36,33.0,Flop
Pierrot,Psychological,2,Manga,Josei,12,12,Medium,High,4.55,12.2,1,Fall,2024,1,5.01,25.9,Flop
Trigger,Action,3,Manga,Seinen,26,24,Medium,High,6.31,9.7,14,Winter,2015,1,9.63,100.0,Hit
Studio Deen,Fantasy,2,Light Novel,Shounen,12,12,High,High,1.58,1.5,3,Winter,2023,1,6.07,69.0,Average
A-1 Pictures,Mecha,3,Original,Seinen,13,24,High,Low,7.29,11.2,11,Winter,2018,1,10.0,83.9,Hit
Studio Deen,Sports,2,Manga,Shounen,25,24,Low,Low,3.47,8.3,5,Summer,2016,0,5.48,57.9,Average
CloverWorks,Adventure,2,Manga,Shounen,12,24,High,Low,3.07,7.0,6,Fall,2023,0,6.5,72.5,Average
A-1 Pictures,Romance,1,Manga,Seinen,25,12,Low,Medium,4.19,6.7,3,Fall,2023,1,8.45,100.0,Hit
Trigger,Comedy,3,Light Novel,Seinen,13,24,High,Medium,7.8,11.8,17,Fall,2024,0,9.55,100.0,Hit
WIT Studio,Comedy,3,Light Novel,Shoujo,12,24,Medium,Medium,6.77,6.5,9,Winter,2024,0,8.67,100.0,Hit
Madhouse,Fantasy,2,Original,Shounen,12,12,Medium,Medium,6.02,8.8,7,Spring,2017,1,9.44,100.0,Hit
A-1 Pictures,Adventure,3,Light Novel,Shounen,12,24,Medium,Low,5.2,2.2,7,Spring,2016,0,6.47,47.9,Average
Pierrot,Mystery,2,Light Novel,Shoujo,12,24,Medium,Medium,3.61,15.7,1,Spring,2022,1,3.82,37.1,Flop
WIT Studio,Romance,3,Visual Novel,Seinen,25,24,Medium,Medium,6.95,11.7,6,Spring,2019,1,8.65,100.0,Hit
Doga Kobo,Isekai,3,Light Novel,Josei,100,24,Low,Medium,6.23,10.6,7,Winter,2020,1,6.5,71.9,Average
Madhouse,Romance,3,Light Novel,Shoujo,24,24,Medium,Low,5.57,3.8,3,Summer,2020,1,9.16,90.4,Hit
MAPPA,Romance,1,Light Novel,Shoujo,100,24,Medium,Low,7.7,17.6,4,Summer,2020,0,10.0,100.0,Hit
Pierrot,Supernatural,1,Web Novel,Seinen,12,24,Low,Low,4.92,10.2,6,Summer,2020,1,4.33,28.6,Flop
MAPPA,Comedy,3,Manga,Shounen,12,24,Low,High,5.55,14.3,5,Winter,2021,0,9.03,100.0,Hit
Production I.G,Psychological,1,Light Novel,Shounen,12,24,Medium,Medium,6.6,8.4,2,Winter,2024,0,8.49,98.2,Hit
Pierrot,Drama,1,Web Novel,Josei,13,24,Medium,Low,4.54,4.0,7,Fall,2015,0,6.12,44.0,Flop
CloverWorks,Sci-Fi,2,Light Novel,Seinen,12,12,High,High,6.72,15.7,8,Winter,2021,0,9.7,100.0,Hit
Doga Kobo,Drama,1,Light Novel,Seinen,12,24,Medium,Low,4.59,15.4,5,Winter,2016,0,5.48,67.0,Average
ufotable,Action,1,Manga,Shoujo,12,24,High,Medium,7.33,2.7,10,Summer,2021,0,10.0,99.3,Hit
Studio Deen,Adventure,3,Original,Josei,12,12,Low,Low,3.25,6.7,3,Summer,2018,0,6.13,55.5,Average
WIT Studio,Action,2,Manga,Shounen,100,24,High,Low,9.0,4.7,5,Summer,2024,1,10.0,99.9,Hit
A-1 Pictures,Action,1,Manga,Shounen,25,24,Medium,Medium,4.63,9.5,7,Fall,2020,1,5.99,53.4,Average
ufotable,Romance,3,Original,Shounen,100,24,High,Low,5.16,12.5,13,Summer,2016,0,10.0,100.0,Hit
A-1 Pictures,Mystery,2,Original,Shounen,12,24,High,Low,3.68,2.6,6,Winter,2021,1,10.0,100.0,Hit
Sunrise,Sports,1,Manga,Seinen,24,12,High,Medium,7.96,3.1,5,Summer,2023,0,10.0,100.0,Hit
Bones,Action,1,Web Novel,Shounen,100,24,Low,Low,5.7,9.4,5,Fall,2017,0,6.2,43.9,Flop
WIT Studio,Comedy,2,Original,Shounen,50,24,Low,Medium,4.66,6.1,12,Winter,2016,1,10.0,91.3,Hit
Studio Deen,Mystery,2,Visual Novel,Shounen,25,24,High,High,3.43,6.9,3,Spring,2021,0,6.19,77.1,Average
Trigger,Comedy,2,Visual Novel,Shoujo,50,24,Low,Medium,6.39,6.3,6,Winter,2016,0,4.79,59.8,Flop
ufotable,Comedy,1,Visual Novel,Shounen,25,24,Low,Medium,5.26,7.7,6,Summer,2016,0,7.76,57.0,Average
Doga Kobo,Action,2,Light Novel,Seinen,26,24,Low,Medium,2.43,12.4,3,Winter,2024,0,3.79,33.8,Flop
WIT Studio,Drama,2,Web Novel,Seinen,24,24,Low,Low,6.36,9.3,3,Fall,2018,0,7.54,68.8,Hit
Toei Animation,Horror,2,Web Novel,Seinen,12,24,Medium,Medium,5.54,5.8,5,Summer,2018,0,8.03,58.5,Average
CloverWorks,Isekai,2,Original,Shounen,26,24,Medium,Medium,6.5,12.9,6,Summer,2024,0,8.38,85.1,Hit
J.C.Staff,Action,1,Light Novel,Shounen,12,24,High,Low,4.67,7.6,4,Fall,2023,0,9.28,86.9,Hit
ufotable,Sci-Fi,3,Manga,Shounen,12,24,Low,Low,5.35,10.8,8,Spring,2016,0,9.69,77.1,Hit
Lerche,Fantasy,2,Manga,Shounen,26,24,Low,High,5.23,6.5,3,Fall,2019,0,5.24,42.3,Flop
Production I.G,Romance,1,Manga,Seinen,26,24,Medium,High,6.04,3.6,9,Summer,2020,0,8.82,100.0,Hit
A-1 Pictures,Romance,2,Manga,Seinen,100,24,High,Low,7.93,11.7,8,Summer,2016,0,8.16,91.4,Hit
Bones,Sports,1,Manga,Seinen,12,24,Medium,High,5.44,17.5,7,Spring,2018,1,7.43,90.8,Hit
CloverWorks,Slice of Life,1,Web Novel,Shounen,12,24,Medium,High,7.65,5.7,6,Spring,2020,0,7.72,98.7,Hit
Sunrise,Mystery,1,Light Novel,Shounen,26,24,Medium,Low,2.76,11.7,6,Fall,2023,0,5.41,52.4,Flop
Toei Animation,Slice of Life,2,Light Novel,Shounen,26,24,Low,Medium,5.16,0.0,0,Spring,2022,1,5.09,45.5,Flop
Sunrise,Adventure,2,Light Novel,Shounen,12,12,High,Low,4.63,9.3,9,Fall,2023,0,7.6,97.1,Hit
Diomedea,Sci-Fi,2,Light Novel,Shounen,12,24,Medium,Medium,2.52,10.8,5,Fall,2021,0,4.2,78.5,Average
Kyoto Animation,Slice of Life,3,Manga,Shounen,25,12,Medium,Medium,8.64,13.3,6,Spring,2019,0,9.98,100.0,Hit
MAPPA,Action,1,Light Novel,Shounen,26,24,Medium,Medium,6.71,13.1,7,Spring,2019,1,10.0,95.0,Hit
ufotable,Sports,1,Visual Novel,Shounen,12,24,Low,Low,6.0,8.7,12,Winter,2021,1,9.07,100.0,Hit
Bones,Fantasy,1,Manga,Seinen,12,24,Medium,Medium,6.83,4.3,8,Summer,2023,0,7.71,68.5,Hit
Pierrot,Slice of Life,2,Original,Josei,13,24,Medium,Low,4.48,10.6,7,Spring,2015,1,6.87,80.0,Hit
Trigger,Mecha,2,Original,Seinen,100,24,Medium,Medium,7.18,10.5,8,Spring,2018,1,9.87,86.9,Hit
Sunrise,Drama,2,Web Novel,Seinen,12,24,High,Low,6.08,7.5,4,Fall,2020,1,7.83,82.2,Hit
Silver Link,Action,1,Original,Shounen,12,12,Medium,Medium,6.49,3.0,5,Spring,2021,0,7.89,61.7,Hit
Production I.G,Sci-Fi,1,Manga,Shounen,12,12,Low,Low,5.75,3.0,11,Spring,2021,1,8.72,70.9,Hit
WIT Studio,Slice of Life,2,Light Novel,Seinen,24,24,Low,Medium,5.62,8.3,5,Fall,2015,0,8.79,100.0,Hit
Doga Kobo,Mystery,3,Game,Shounen,24,24,Low,High,8.52,2.4,7,Winter,2018,1,8.14,54.3,Average
Sunrise,Slice of Life,2,Light Novel,Shounen,100,12,High,Medium,3.06,12.1,8,Winter,2020,1,9.15,83.5,Hit
Zero-G,Psychological,1,Light Novel,Seinen,26,24,High,Low,4.64,7.4,2,Summer,2022,1,4.86,20.0,Flop
WIT Studio,Fantasy,1,Manga,Seinen,12,24,High,Low,6.18,4.7,21,Summer,2017,0,8.16,86.3,Hit
Silver Link,Isekai,1,Original,Shounen,100,24,Low,Low,3.03,1.9,3,Winter,2017,0,6.17,76.6,Average
Studio Deen,Horror,3,Game,Seinen,24,24,Medium,Medium,1.48,5.8,3,Summer,2015,0,7.19,83.6,Hit
Trigger,Supernatural,1,Manga,Seinen,12,24,Medium,Low,5.74,12.6,9,Winter,2017,0,7.16,97.5,Hit
ufotable,Horror,2,Original,Seinen,25,24,Medium,High,9.41,8.2,5,Summer,2021,1,10.0,100.0,Hit
Lerche,Sports,3,Manga,Shounen,12,24,High,Medium,4.71,3.1,2,Spring,2024,1,7.58,71.4,Hit
Studio Deen,Action,2,Web Novel,Shounen,24,12,High,Medium,4.53,14.8,11,Fall,2024,1,5.4,58.6,Average
MAPPA,Mecha,1,Original,Josei,26,24,Medium,Low,8.26,7.0,10,Summer,2016,1,10.0,100.0,Hit
Bones,Slice of Life,3,Visual Novel,Shounen,24,24,High,Medium,4.54,5.1,4,Fall,2023,0,8.68,100.0,Hit
A-1 Pictures,Psychological,2,Web Novel,Shounen,50,24,Low,Medium,2.81,7.2,8,Winter,2016,0,3.55,61.2,Flop
ufotable,Isekai,3,Original,Seinen,25,24,Medium,Low,6.64,4.8,5,Winter,2017,0,9.57,86.3,Hit
Pierrot,Mecha,2,Visual Novel,Shounen,50,24,Medium,Low,4.52,14.3,5,Fall,2018,1,6.69,80.4,Hit
Toei Animation,Comedy,2,Manga,Seinen,12,24,Low,Medium,3.77,8.9,8,Summer,2015,0,7.11,61.3,Average
MAPPA,Adventure,3,Original,Shoujo,12,24,Medium,Low,7.55,8.3,6,Winter,2018,0,10.0,85.0,Hit
Doga Kobo,Adventure,2,Manga,Seinen,12,24,Medium,Medium,1.0,8.2,6,Winter,2018,0,6.72,62.9,Average
Production I.G,Sci-Fi,1,Original,Seinen,12,24,Low,Low,7.3,6.4,3,Winter,2024,1,5.52,70.9,Average
Trigger,Psychological,3,Light Novel,Shoujo,100,24,Medium,High,5.43,8.6,10,Summer,2021,0,10.0,99.4,Hit
Sunrise,Mystery,1,Manga,Shounen,13,24,High,Low,5.52,6.5,8,Summer,2022,0,5.2,45.6,Flop
Doga Kobo,Adventure,1,Original,Josei,12,24,Medium,High,3.76,6.3,5,Summer,2022,0,7.06,92.8,Hit
A-1 Pictures,Sci-Fi,3,Visual Novel,Shounen,12,24,High,Low,5.19,15.5,10,Winter,2018,0,7.79,83.1,Hit
Production I.G,Supernatural,2,Light Novel,Seinen,24,24,Medium,Medium,3.01,5.6,6,Summer,2022,0,7.33,54.3,Average
CloverWorks,Horror,2,Light Novel,Shounen,12,24,High,High,5.34,7.0,7,Fall,2017,0,10.0,100.0,Hit
Bones,Adventure,2,Manga,Shounen,12,24,Low,Medium,7.04,8.9,5,Summer,2018,1,5.98,61.3,Average
Diomedea,Romance,1,Original,Seinen,12,24,High,Low,4.39,5.6,3,Winter,2016,0,7.02,83.7,Hit
Studio Deen,Sports,2,Manga,Shoujo,13,24,Low,Medium,3.96,5.5,2,Spring,2017,0,6.22,39.3,Flop
Kyoto Animation,Fantasy,2,Manga,Seinen,24,24,High,Low,7.07,7.3,9,Winter,2021,1,10.0,96.9,Hit
Sunrise,Psychological,3,Manga,Shounen,24,24,Medium,Low,3.32,8.0,7,Winter,2017,1,7.69,90.2,Hit
Bones,Fantasy,1,Manga,Shounen,13,24,Medium,Medium,5.4,15.8,13,Summer,2022,0,10.0,74.1,Hit
Sunrise,Mystery,3,Light Novel,Shoujo,12,12,Medium,High,8.12,10.5,9,Spring,2023,1,9.14,84.9,Hit
Kyoto Animation,Drama,2,Manga,Shounen,24,24,Medium,Low,3.94,3.5,7,Fall,2021,0,8.51,91.4,Hit
Lerche,Adventure,1,Manga,Shounen,26,24,Medium,Medium,3.96,4.5,5,Summer,2015,1,4.86,67.7,Average
Kyoto Animation,Drama,3,Light Novel,Shounen,26,24,High,Low,3.84,13.5,8,Winter,2017,1,10.0,84.2,Hit
Studio Deen,Isekai,3,Manga,Shoujo,24,24,High,High,6.05,9.5,6,Winter,2019,0,9.58,100.0,Hit
Sunrise,Horror,2,Light Novel,Shounen,25,24,Low,Low,4.63,8.0,3,Spring,2015,0,5.83,40.8,Flop
Studio Deen,Sci-Fi,2,Light Novel,Shounen,24,24,Medium,Medium,6.4,8.1,5,Spring,2019,0,3.02,53.5,Flop
Silver Link,Fantasy,2,Original,Shounen,50,24,Medium,Medium,6.25,7.5,3,Fall,2021,0,6.29,42.1,Flop
Toei Animation,Fantasy,3,Manga,Shounen,26,24,Low,Low,4.04,13.1,3,Fall,2018,1,6.69,72.0,Average
Sunrise,Drama,2,Manga,Seinen,100,12,Medium,Medium,3.94,8.4,5,Spring,2021,0,7.35,51.7,Average
Sunrise,Psychological,2,Light Novel,Shounen,12,24,Medium,Medium,6.5,11.6,11,Fall,2019,0,9.55,84.6,Hit
Production I.G,Adventure,2,Game,Seinen,12,12,Medium,Medium,5.91,7.9,9,Fall,2024,0,6.44,65.1,Average
Kyoto Animation,Sci-Fi,2,Manga,Shounen,25,24,Low,High,6.97,5.9,9,Fall,2019,1,10.0,96.5,Hit
WIT Studio,Isekai,1,Original,Shounen,12,24,Medium,High,6.64,6.6,11,Spring,2022,0,10.0,100.0,Hit
CloverWorks,Psychological,2,Web Novel,Shounen,26,12,Low,Medium,4.75,9.2,8,Spring,2015,0,9.79,100.0,Hit
MAPPA,Supernatural,1,Manga,Shounen,24,24,High,Medium,6.49,11.9,7,Summer,2018,0,10.0,96.0,Hit
Studio Deen,Sci-Fi,1,Manga,Seinen,12,24,Medium,Medium,5.17,5.3,6,Winter,2015,1,4.75,62.1,Flop
A-1 Pictures,Psychological,1,Original,Shounen,12,24,Low,Low,6.49,8.4,6,Spring,2023,1,4.72,49.8,Flop
Toei Animation,Supernatural,3,Manga,Shoujo,13,24,Low,Low,5.21,16.8,7,Winter,2018,1,4.68,67.3,Flop
Toei Animation,Isekai,3,Visual Novel,Shoujo,24,24,High,Low,5.43,8.4,6,Fall,2021,0,8.67,74.3,Hit
Trigger,Sports,2,Original,Shounen,24,24,Low,Medium,7.66,2.4,9,Spring,2016,1,9.72,96.5,Hit
CloverWorks,Mystery,1,Manga,Shounen,13,24,Low,Medium,3.93,3.7,9,Summer,2019,0,8.18,80.0,Hit
Trigger,Psychological,2,Manga,Shounen,12,24,Low,Low,5.61,8.2,6,Fall,2015,1,8.34,93.9,Hit
CloverWorks,Psychological,1,Light Novel,Shoujo,24,24,High,Low,6.73,5.7,7,Winter,2022,0,6.62,74.1,Average
ufotable,Slice of Life,3,Manga,Shounen,12,24,Medium,High,5.99,7.7,8,Summer,2018,1,9.9,91.9,Hit
CloverWorks,Drama,2,Light Novel,Seinen,13,24,Low,High,4.05,11.3,5,Fall,2016,1,6.25,68.0,Average
CloverWorks,Isekai,1,Light Novel,Josei,13,24,Low,Medium,5.76,10.8,6,Winter,2016,1,7.69,75.2,Hit
Zero-G,Comedy,3,Visual Novel,Shounen,26,24,Low,High,4.0,4.7,4,Winter,2024,0,5.71,68.0,Average
Studio Deen,Action,2,Original,Seinen,24,24,High,High,4.14,4.4,4,Winter,2021,0,7.26,77.1,Hit
Pierrot,Horror,2,Manga,Shounen,24,24,Medium,Low,3.21,11.3,9,Spring,2023,0,7.2,61.0,Average
Madhouse,Adventure,3,Manga,Seinen,24,12,Low,High,8.58,7.7,8,Summer,2017,0,9.48,82.6,Hit
Pierrot,Slice of Life,3,Manga,Shounen,24,24,Medium,Low,2.63,12.3,5,Winter,2020,0,6.59,88.7,Hit
J.C.Staff,Slice of Life,1,Manga,Seinen,50,24,Medium,Medium,4.19,14.3,7,Spring,2018,0,7.36,88.2,Hit
Diomedea,Adventure,2,Original,Shounen,12,24,Low,Medium,3.74,11.7,5,Fall,2019,1,2.62,28.1,Flop
Madhouse,Action,1,Manga,Shounen,100,24,Low,Medium,7.27,11.8,6,Spring,2018,0,9.37,89.5,Hit
Sunrise,Slice of Life,2,Manga,Seinen,50,24,Low,Medium,5.14,8.4,6,Spring,2016,0,9.14,100.0,Hit
Sunrise,Sports,3,Manga,Shounen,24,24,Medium,High,5.83,0.0,4,Summer,2020,0,6.08,79.3,Average
Silver Link,Comedy,3,Web Novel,Josei,13,12,High,Medium,4.51,7.0,5,Winter,2022,1,6.87,82.4,Hit
Zero-G,Sports,2,Manga,Seinen,12,12,High,Medium,5.29,1.4,6,Spring,2022,0,7.06,55.8,Average
Diomedea,Sports,3,Manga,Shounen,26,24,Medium,Medium,3.65,2.7,11,Spring,2017,0,6.0,56.4,Average
WIT Studio,Mystery,1,Manga,Seinen,50,24,Medium,Medium,6.95,2.6,6,Spring,2017,1,9.29,97.7,Hit
Doga Kobo,Drama,2,Manga,Seinen,24,24,Low,Low,5.32,2.9,7,Fall,2022,0,5.05,68.1,Average
ufotable,Horror,1,Light Novel,Shounen,25,24,Medium,Low,9.84,2.0,7,Summer,2019,1,9.59,86.4,Hit
WIT Studio,Psychological,2,Light Novel,Seinen,50,24,Medium,Low,3.89,6.2,7,Spring,2024,0,8.38,95.3,Hit
Diomedea,Romance,2,Manga,Seinen,50,24,Low,Medium,2.84,15.6,5,Summer,2021,0,3.32,30.6,Flop
Trigger,Sports,3,Visual Novel,Josei,12,24,Low,Medium,5.68,9.2,9,Summer,2023,1,8.02,93.2,Hit
Diomedea,Psychological,3,Original,Shounen,50,24,Medium,Low,3.35,17.7,4,Spring,2023,0,3.92,39.3,Flop
Sunrise,Action,1,Manga,Seinen,12,12,Medium,High,3.42,1.6,2,Spring,2020,0,9.06,94.4,Hit
Silver Link,Horror,2,Light Novel,Shounen,13,24,Medium,Low,6.03,6.5,7,Summer,2019,1,5.22,57.5,Flop
Studio Deen,Horror,1,Manga,Shounen,12,24,Medium,Low,5.69,9.4,5,Winter,2017,1,5.69,38.0,Flop
CloverWorks,Romance,3,Visual Novel,Shoujo,100,24,Medium,Medium,3.53,5.5,7,Winter,2024,1,8.75,100.0,Hit
Madhouse,Horror,1,Web Novel,Shounen,12,24,High,Medium,4.75,3.4,8,Summer,2021,1,9.68,100.0,Hit
Silver Link,Mystery,2,Visual Novel,Shounen,13,24,Medium,High,3.88,13.1,5,Summer,2023,0,7.23,64.1,Average
Lerche,Horror,2,Manga,Seinen,13,24,Medium,Medium,5.32,8.4,4,Winter,2024,0,4.95,60.8,Flop
Studio Deen,Mystery,1,Manga,Shounen,12,12,Medium,Low,3.26,11.4,3,Summer,2016,0,5.78,39.0,Flop
Silver Link,Horror,1,Original,Josei,12,24,Low,High,4.28,7.4,4,Fall,2015,1,5.8,66.0,Average
CloverWorks,Isekai,2,Light Novel,Shounen,12,24,Low,Low,5.06,8.3,10,Fall,2024,1,7.29,50.4,Average
Lerche,Adventure,1,Manga,Seinen,50,24,High,Low,3.08,0.0,4,Spring,2015,1,7.1,68.2,Average
Lerche,Adventure,1,Original,Seinen,50,24,Low,Medium,2.59,1.8,3,Spring,2023,0,3.94,34.9,Flop
Kyoto Animation,Sports,1,Original,Shounen,13,12,Medium,Low,8.44,10.9,7,Spring,2021,0,8.68,82.0,Hit
MAPPA,Romance,1,Light Novel,Josei,12,24,High,High,4.94,10.8,11,Winter,2022,0,10.0,100.0,Hit
Pierrot,Slice of Life,2,Original,Seinen,100,24,Low,High,4.35,9.7,8,Summer,2020,0,6.74,62.0,Average
Zero-G,Slice of Life,3,Light Novel,Seinen,25,24,Medium,High,6.11,9.0,5,Summer,2015,0,6.55,57.8,Average
Trigger,Comedy,2,Light Novel,Shounen,13,24,Low,Medium,5.39,12.0,5,Fall,2023,1,8.11,96.5,Hit
ufotable,Sci-Fi,3,Manga,Shoujo,13,24,Medium,Low,8.0,0.0,12,Fall,2017,0,8.81,100.0,Hit
Doga Kobo,Adventure,3,Manga,Shounen,13,24,Low,Medium,5.36,8.3,6,Fall,2020,0,6.97,69.0,Average
Madhouse,Mecha,1,Game,Shoujo,50,24,High,Low,6.86,7.1,9,Spring,2017,1,9.65,96.4,Hit
Zero-G,Sci-Fi,2,Visual Novel,Shounen,12,24,Medium,Medium,1.71,8.3,6,Fall,2018,0,4.22,44.4,Flop
Kyoto Animation,Drama,2,Game,Josei,25,24,Medium,Low,4.0,4.8,10,Winter,2024,0,7.37,76.7,Hit
Diomedea,Drama,2,Manga,Shounen,100,24,Low,High,2.79,5.7,6,Fall,2021,0,7.09,73.0,Average
ufotable,Fantasy,3,Manga,Josei,24,24,Low,Low,8.97,8.7,10,Spring,2021,1,10.0,100.0,Hit
Studio Deen,Action,1,Light Novel,Shounen,26,24,High,Medium,2.89,7.1,4,Winter,2023,0,4.76,52.3,Flop
Kyoto Animation,Drama,1,Light Novel,Seinen,12,24,Low,Medium,8.39,8.0,9,Summer,2018,1,9.59,100.0,Hit
WIT Studio,Horror,2,Manga,Shounen,26,24,High,Low,6.09,8.5,8,Spring,2019,0,9.46,99.7,Hit
J.C.Staff,Mystery,1,Light Novel,Shounen,12,24,Medium,High,4.18,6.2,12,Fall,2015,0,10.0,100.0,Hit
Kyoto Animation,Drama,3,Web Novel,Shounen,50,24,Medium,High,5.15,12.7,4,Spring,2023,1,9.69,79.1,Hit
WIT Studio,Drama,3,Light Novel,Shounen,24,24,Medium,Low,5.69,3.0,6,Summer,2020,0,9.12,100.0,Hit
Studio Deen,Comedy,2,Manga,Shounen,24,24,High,Medium,5.2,8.9,2,Fall,2023,0,6.75,57.7,Average
Production I.G,Sports,1,Manga,Seinen,24,24,High,Medium,8.29,11.6,4,Fall,2015,1,10.0,90.3,Hit
Madhouse,Drama,1,Visual Novel,Shounen,50,24,High,High,6.0,0.8,6,Fall,2022,1,9.44,100.0,Hit
ufotable,Comedy,2,Manga,Shounen,26,24,Low,Low,5.37,5.6,3,Spring,2018,0,6.91,82.6,Hit
Production I.G,Isekai,3,Manga,Seinen,26,24,Medium,High,3.19,0.0,8,Spring,2018,1,10.0,100.0,Hit
MAPPA,Action,1,Manga,Shounen,24,12,Low,High,4.32,13.1,8,Fall,2020,0,10.0,93.5,Hit
ufotable,Sci-Fi,3,Light Novel,Seinen,50,12,Medium,Low,6.66,6.2,5,Winter,2018,1,9.34,100.0,Hit
Lerche,Romance,2,Manga,Shoujo,12,24,Low,Low,7.07,10.9,8,Spring,2021,1,4.73,49.2,Flop
MAPPA,Horror,1,Original,Seinen,24,12,High,Medium,4.52,9.3,5,Winter,2024,0,8.74,97.3,Hit
Doga Kobo,Slice of Life,2,Light Novel,Seinen,12,24,Low,Low,5.3,8.1,5,Spring,2018,1,4.99,61.1,Flop
Production I.G,Psychological,3,Game,Shounen,12,12,Low,Medium,3.85,3.5,6,Summer,2018,0,6.62,71.6,Average
Doga Kobo,Supernatural,3,Manga,Shounen,12,24,Low,Medium,6.11,10.0,8,Summer,2023,0,6.51,45.0,Average
Pierrot,Comedy,1,Original,Shounen,12,24,Low,Low,4.77,14.5,9,Spring,2021,0,6.32,59.3,Average
Pierrot,Comedy,3,Original,Shoujo,12,24,Medium,Low,4.29,9.1,2,Spring,2021,1,6.94,48.9,Average
Diomedea,Slice of Life,1,Manga,Shounen,13,24,Low,Medium,1.06,2.2,3,Winter,2017,0,2.72,29.9,Flop
Trigger,Drama,3,Web Novel,Josei,100,24,Medium,Low,4.88,5.5,5,Fall,2018,1,6.04,48.4,Average
A-1 Pictures,Drama,3,Visual Novel,Shoujo,12,24,High,Low,4.79,16.8,6,Winter,2015,1,5.36,56.4,Flop
WIT Studio,Comedy,2,Manga,Shounen,50,24,Low,High,4.51,5.5,8,Winter,2022,1,8.51,100.0,Hit
Zero-G,Psychological,3,Manga,Josei,24,24,Medium,Medium,5.81,11.5,5,Winter,2016,0,5.87,42.4,Flop
Production I.G,Adventure,3,Light Novel,Shounen,12,24,Medium,Low,5.7,10.2,5,Summer,2017,1,7.4,93.1,Hit
Bones,Fantasy,3,Manga,Shounen,12,24,Medium,Low,6.87,10.0,6,Spring,2020,0,7.68,71.3,Hit
Studio Deen,Action,1,Light Novel,Shoujo,24,12,Medium,Medium,3.33,5.6,5,Spring,2016,1,2.46,21.0,Flop
A-1 Pictures,Action,1,Manga,Seinen,50,24,Medium,Medium,3.91,5.2,9,Spring,2018,0,8.79,97.9,Hit
Madhouse,Action,1,Original,Seinen,24,24,Medium,Medium,4.63,8.9,5,Winter,2023,0,8.27,45.6,Average
Trigger,Adventure,2,Light Novel,Seinen,26,24,Medium,Low,6.59,9.5,7,Summer,2020,1,6.55,74.4,Average
Diomedea,Slice of Life,3,Game,Shoujo,13,24,Low,Medium,4.74,11.8,6,Summer,2022,0,3.06,17.2,Flop
Doga Kobo,Mecha,3,Manga,Shounen,12,24,Low,Low,5.45,12.4,2,Fall,2024,0,5.75,50.1,Flop
Doga Kobo,Drama,2,Manga,Shounen,12,24,Medium,Medium,3.92,7.2,4,Summer,2017,0,6.05,69.4,Average
J.C.Staff,Sports,1,Game,Shounen,26,24,Low,Medium,5.21,10.1,8,Spring,2024,0,4.12,35.6,Flop
Toei Animation,Supernatural,1,Manga,Seinen,13,24,Medium,Medium,4.42,17.3,1,Fall,2023,0,6.91,65.4,Average
MAPPA,Supernatural,3,Light Novel,Seinen,25,24,Medium,Medium,4.49,10.9,9,Fall,2019,0,8.16,98.1,Hit
Studio Deen,Drama,3,Manga,Shoujo,12,24,Low,High,6.34,5.1,5,Spring,2021,1,6.59,83.1,Hit
A-1 Pictures,Comedy,2,Original,Shounen,100,24,Medium,Medium,2.29,8.4,6,Winter,2024,1,5.33,50.1,Flop
Trigger,Drama,2,Light Novel,Shoujo,12,12,Low,Medium,4.75,6.0,6,Winter,2016,1,6.73,59.9,Average
Doga Kobo,Slice of Life,3,Manga,Seinen,12,24,Medium,High,2.87,10.1,3,Spring,2019,0,7.37,91.4,Hit
Trigger,Fantasy,3,Visual Novel,Josei,24,24,Low,Medium,5.05,6.2,14,Fall,2018,1,7.73,61.2,Average
Silver Link,Sci-Fi,2,Manga,Shoujo,12,24,Low,Low,5.92,4.7,3,Winter,2021,1,6.39,39.4,Flop
WIT Studio,Slice of Life,1,Original,Seinen,25,12,Medium,Medium,5.14,11.1,7,Spring,2022,1,9.66,97.6,Hit
Bones,Drama,3,Light Novel,Shoujo,26,24,High,Medium,5.87,10.8,5,Spring,2016,1,10.0,100.0,Hit
Studio Deen,Mecha,3,Web Novel,Seinen,13,12,Medium,Low,2.53,1.0,5,Fall,2020,1,6.0,47.5,Flop
Production I.G,Horror,1,Manga,Shounen,13,24,Low,Medium,5.51,8.8,9,Fall,2018,1,10.0,94.0,Hit
J.C.Staff,Mystery,1,Light Novel,Shounen,50,24,Low,Low,4.51,4.8,5,Fall,2022,0,4.94,54.0,Flop
Sunrise,Romance,3,Visual Novel,Seinen,25,24,Medium,Low,3.8,11.5,6,Spring,2015,0,7.07,87.6,Hit
Doga Kobo,Supernatural,1,Light Novel,Shounen,24,24,Medium,Medium,6.24,10.0,5,Fall,2016,1,6.63,51.2,Average
MAPPA,Slice of Life,3,Original,Shounen,13,24,Low,Low,6.56,2.8,10,Summer,2015,1,10.0,100.0,Hit
Zero-G,Action,1,Light Novel,Seinen,12,24,Medium,High,3.45,3.9,4,Fall,2016,1,6.56,51.7,Average
MAPPA,Slice of Life,1,Manga,Shounen,13,24,Medium,Low,5.52,7.3,6,Fall,2019,0,9.51,75.3,Hit
Zero-G,Sci-Fi,2,Web Novel,Shounen,24,24,High,Medium,6.65,6.4,7,Fall,2021,0,4.8,64.0,Flop
Production I.G,Supernatural,2,Light Novel,Shoujo,12,24,High,Medium,3.36,7.0,8,Winter,2019,0,7.94,69.2,Hit
Production I.G,Psychological,1,Manga,Shounen,12,12,Medium,Low,5.33,5.5,9,Summer,2024,1,7.04,71.6,Average
ufotable,Sci-Fi,3,Light Novel,Seinen,50,24,Low,Low,6.01,0.0,3,Spring,2024,0,8.02,65.9,Hit
ufotable,Slice of Life,1,Manga,Shounen,50,24,High,Low,6.09,11.3,10,Fall,2016,1,9.81,100.0,Hit
Trigger,Isekai,3,Web Novel,Shounen,100,12,High,Low,6.55,1.5,8,Spring,2021,1,8.64,79.3,Hit
Doga Kobo,Supernatural,2,Visual Novel,Shounen,12,24,Medium,High,6.27,15.6,2,Summer,2022,0,9.04,97.7,Hit
Sunrise,Action,3,Manga,Seinen,26,24,Low,Medium,4.41,5.3,7,Spring,2024,0,9.2,100.0,Hit
Silver Link,Horror,3,Light Novel,Josei,50,24,Low,Low,3.5,8.2,6,Winter,2019,1,4.4,42.5,Flop
Pierrot,Action,2,Manga,Shounen,13,12,Low,Medium,3.73,1.3,5,Summer,2022,1,8.65,89.4,Hit
J.C.Staff,Isekai,3,Original,Seinen,100,24,Medium,High,2.22,8.2,4,Winter,2021,0,6.72,70.7,Average
Toei Animation,Horror,3,Light Novel,Shounen,13,24,Medium,Low,3.98,7.4,5,Fall,2017,0,4.48,38.2,Flop
Lerche,Horror,2,Manga,Seinen,50,24,High,Low,1.44,10.3,1,Summer,2024,1,4.2,48.0,Flop
Lerche,Drama,1,Manga,Seinen,100,24,Low,Low,3.03,1.1,1,Fall,2016,1,2.53,38.4,Flop
CloverWorks,Sports,1,Manga,Shounen,24,12,Low,Low,6.54,9.9,5,Fall,2018,1,7.54,64.4,Average
Lerche,Drama,3,Light Novel,Shounen,13,12,Medium,Medium,1.12,7.1,6,Summer,2016,1,5.27,39.2,Flop
Zero-G,Isekai,1,Original,Seinen,26,12,Low,Low,3.89,8.5,4,Fall,2022,1,4.79,35.8,Flop
Trigger,Adventure,1,Manga,Shounen,24,12,Low,High,5.37,3.6,5,Summer,2018,0,8.04,73.1,Hit
ufotable,Horror,1,Original,Seinen,25,24,Medium,High,5.71,0.1,6,Summer,2023,1,10.0,100.0,Hit
Sunrise,Action,2,Web Novel,Seinen,12,24,Low,Medium,4.84,9.4,7,Winter,2018,0,5.87,68.1,Average
Silver Link,Fantasy,3,Light Novel,Seinen,12,24,Low,Medium,2.38,6.2,5,Winter,2019,1,5.76,38.2,Flop
Doga Kobo,Psychological,2,Web Novel,Shounen,50,12,Low,Medium,2.63,12.2,5,Summer,2022,0,4.29,62.1,Flop
Lerche,Sports,1,Light Novel,Shoujo,12,24,Low,Low,5.1,5.7,3,Summer,2017,1,4.5,37.0,Flop
Doga Kobo,Adventure,1,Original,Shounen,13,24,Medium,High,3.36,9.5,6,Fall,2024,1,5.44,70.1,Average
Pierrot,Sports,2,Original,Seinen,24,24,Medium,Medium,4.06,5.6,7,Summer,2017,0,5.18,48.2,Flop
Diomedea,Isekai,1,Manga,Shoujo,12,24,Low,Medium,3.22,4.9,3,Winter,2015,1,5.65,47.2,Flop
J.C.Staff,Sports,1,Manga,Seinen,26,24,Medium,Low,4.25,7.9,5,Summer,2018,1,6.56,59.2,Average
Madhouse,Adventure,2,Original,Seinen,12,24,Low,Medium,8.2,3.6,6,Winter,2019,0,10.0,100.0,Hit
Pierrot,Psychological,3,Original,Shoujo,13,24,Medium,Medium,4.9,15.1,4,Winter,2022,0,5.69,55.8,Average
Toei Animation,Horror,2,Manga,Shounen,12,12,Medium,Low,2.73,5.0,6,Fall,2018,0,5.86,49.9,Average
Lerche,Adventure,2,Web Novel,Shoujo,24,24,High,Low,1.7,11.8,4,Fall,2016,0,6.5,59.3,Average
WIT Studio,Comedy,3,Game,Shounen,12,24,Medium,Medium,6.51,10.1,13,Fall,2015,1,7.24,76.4,Hit
Silver Link,Sci-Fi,1,Web Novel,Seinen,13,24,Medium,Low,5.54,0.0,6,Fall,2023,0,4.65,54.4,Flop
Kyoto Animation,Horror,3,Web Novel,Shoujo,12,24,Low,Low,7.55,11.7,10,Winter,2023,1,7.24,72.3,Hit
Bones,Adventure,1,Manga,Shounen,50,24,Medium,Medium,6.67,11.4,8,Winter,2019,1,10.0,100.0,Hit
WIT Studio,Fantasy,2,Light Novel,Shounen,24,24,Low,Low,9.44,10.1,7,Spring,2017,0,7.88,81.4,Hit
Trigger,Drama,1,Light Novel,Seinen,24,24,Low,Medium,9.39,7.0,6,Fall,2020,0,6.93,64.1,Average
Bones,Fantasy,3,Manga,Seinen,12,24,High,Low,3.61,4.4,7,Summer,2023,1,8.26,82.1,Hit
Silver Link,Action,1,Light Novel,Seinen,26,24,High,Low,4.33,9.9,7,Summer,2018,0,6.68,68.7,Average
Toei Animation,Psychological,2,Manga,Shounen,13,24,High,Low,6.17,7.7,4,Summer,2016,0,6.22,44.4,Average
Diomedea,Sci-Fi,2,Light Novel,Seinen,13,12,High,High,1.0,11.8,4,Summer,2024,1,7.28,88.3,Hit
Production I.G,Sports,1,Light Novel,Shoujo,26,24,Medium,Low,7.36,10.0,7,Winter,2019,0,10.0,94.6,Hit
Zero-G,Mystery,2,Game,Seinen,12,24,High,Medium,3.86,8.8,0,Spring,2021,0,6.35,65.5,Average
ufotable,Slice of Life,3,Manga,Shounen,12,24,Medium,High,5.05,7.7,4,Fall,2020,0,9.39,87.9,Hit
Production I.G,Adventure,2,Manga,Shounen,12,24,High,Low,3.79,12.2,10,Fall,2023,1,9.67,90.5,Hit
MAPPA,Psychological,1,Light Novel,Shounen,12,12,High,High,7.74,11.6,10,Fall,2017,1,10.0,100.0,Hit
Pierrot,Romance,2,Manga,Shounen,50,24,Medium,Medium,3.44,6.9,3,Winter,2020,1,5.7,62.8,Average
Silver Link,Sci-Fi,2,Web Novel,Seinen,26,24,Low,Medium,3.87,0.0,10,Fall,2019,1,5.47,79.5,Average
WIT Studio,Mystery,2,Manga,Seinen,24,24,Low,High,4.99,6.1,10,Spring,2016,0,9.62,100.0,Hit
Production I.G,Supernatural,1,Visual Novel,Shounen,13,12,Medium,Medium,4.38,6.4,5,Spring,2019,0,9.31,87.0,Hit
Sunrise,Romance,3,Manga,Josei,12,24,Medium,Low,4.81,10.8,4,Spring,2020,0,4.44,49.3,Flop
A-1 Pictures,Psychological,1,Light Novel,Shoujo,26,24,Medium,Low,7.12,10.5,9,Winter,2024,0,5.97,53.5,Average
Silver Link,Adventure,2,Manga,Seinen,12,24,Medium,Medium,4.48,3.9,4,Summer,2021,0,3.92,33.3,Flop
Diomedea,Fantasy,2,Light Novel,Shounen,12,24,Medium,Low,3.48,5.8,4,Spring,2016,1,5.13,63.3,Average
Diomedea,Horror,1,Web Novel,Josei,50,24,Medium,High,4.19,8.9,4,Summer,2016,1,2.89,39.5,Flop
Trigger,Romance,1,Light Novel,Josei,24,24,Low,Low,6.84,7.7,3,Spring,2018,0,7.01,86.6,Hit
Bones,Action,1,Manga,Seinen,12,24,Medium,Medium,4.97,5.2,5,Spring,2017,0,7.77,88.7,Hit
Sunrise,Sci-Fi,1,Light Novel,Josei,12,24,Medium,High,2.26,17.1,4,Spring,2015,0,6.9,53.0,Average
Toei Animation,Fantasy,2,Original,Seinen,13,24,Medium,Medium,5.95,7.0,17,Fall,2020,0,9.05,82.9,Hit
Madhouse,Sports,1,Manga,Shoujo,24,24,Medium,Medium,7.08,12.6,10,Winter,2016,0,8.99,100.0,Hit
Kyoto Animation,Isekai,1,Manga,Shounen,12,24,Medium,Low,7.14,4.3,5,Winter,2020,1,6.07,56.2,Average
A-1 Pictures,Supernatural,3,Manga,Shounen,13,24,Low,Low,5.48,8.3,8,Spring,2020,0,7.89,99.8,Hit
Production I.G,Horror,1,Light Novel,Shounen,12,12,Low,Low,6.94,9.3,7,Winter,2015,0,8.2,97.4,Hit
Trigger,Romance,2,Web Novel,Seinen,13,24,Medium,High,8.93,6.4,3,Fall,2022,0,9.87,100.0,Hit
Studio Deen,Supernatural,1,Web Novel,Shounen,50,24,Medium,Low,3.85,10.8,9,Fall,2015,1,7.34,82.1,Hit
Diomedea,Isekai,2,Light Novel,Seinen,26,24,Low,Medium,3.47,4.6,6,Spring,2016,1,5.0,50.1,Flop
Lerche,Mystery,1,Manga,Shounen,12,24,Medium,Low,2.68,5.1,5,Summer,2023,0,3.7,26.0,Flop
J.C.Staff,Fantasy,3,Light Novel,Shounen,12,24,Medium,Low,2.84,14.0,6,Summer,2017,1,7.22,55.2,Average
Bones,Fantasy,1,Manga,Seinen,100,24,Medium,High,7.39,8.7,5,Summer,2024,0,7.89,82.2,Hit
CloverWorks,Horror,3,Manga,Shoujo,100,12,Low,Low,5.6,7.4,6,Spring,2017,1,4.98,46.0,Flop
WIT Studio,Psychological,3,Manga,Shounen,26,24,High,Medium,6.77,13.6,12,Spring,2023,1,10.0,99.5,Hit
Sunrise,Romance,3,Light Novel,Shounen,24,24,Medium,High,3.89,9.9,4,Spring,2021,0,7.68,100.0,Hit
Bones,Comedy,2,Light Novel,Shounen,13,24,Medium,Medium,6.89,11.7,5,Spring,2020,0,9.06,79.3,Hit
Madhouse,Sports,2,Manga,Shounen,50,24,Low,Low,3.58,10.6,6,Fall,2021,1,7.51,82.5,Hit
Studio Deen,Drama,3,Manga,Shoujo,12,24,Low,Medium,4.69,5.0,4,Summer,2019,0,5.66,57.1,Average
A-1 Pictures,Psychological,2,Light Novel,Shounen,24,24,Low,Medium,8.06,4.0,6,Fall,2016,0,8.61,61.8,Hit
Diomedea,Sci-Fi,2,Light Novel,Seinen,12,24,Medium,Low,3.1,4.3,4,Summer,2021,1,3.51,15.0,Flop
A-1 Pictures,Mystery,3,Manga,Shounen,12,24,High,Medium,5.95,16.9,12,Spring,2022,1,9.96,100.0,Hit
Zero-G,Psychological,3,Web Novel,Shoujo,24,12,Low,High,3.17,9.2,2,Winter,2019,0,6.47,67.4,Average
Toei Animation,Isekai,3,Original,Shounen,12,24,Low,Medium,1.0,12.8,5,Winter,2019,0,6.2,67.4,Average
Pierrot,Comedy,1,Game,Shounen,12,24,Medium,High,6.9,10.9,9,Summer,2024,1,9.55,82.9,Hit
Production I.G,Horror,1,Manga,Shounen,12,12,Medium,Medium,5.13,17.5,3,Fall,2016,1,6.56,74.3,Average
Toei Animation,Sci-Fi,1,Light Novel,Seinen,26,24,High,Medium,4.34,4.5,7,Summer,2023,0,8.2,83.2,Hit
ufotable,Adventure,2,Web Novel,Shounen,50,24,Low,Medium,6.56,13.9,15,Fall,2017,0,10.0,100.0,Hit
Kyoto Animation,Psychological,3,Manga,Shoujo,13,24,Low,Medium,9.22,7.7,10,Spring,2018,0,10.0,100.0,Hit
MAPPA,Fantasy,2,Visual Novel,Shounen,12,24,Medium,Medium,4.31,7.9,8,Spring,2015,1,9.66,100.0,Hit
MAPPA,Comedy,1,Light Novel,Seinen,26,24,Low,Medium,6.37,6.3,7,Winter,2024,0,8.56,98.2,Hit
Madhouse,Mystery,3,Light Novel,Seinen,13,12,High,Low,6.58,8.3,14,Spring,2020,0,10.0,88.9,Hit
Production I.G,Isekai,3,Game,Seinen,26,12,Medium,Medium,4.87,9.0,7,Summer,2023,0,7.55,96.7,Hit
MAPPA,Sci-Fi,1,Manga,Shounen,12,12,Low,Low,5.96,5.0,8,Winter,2022,1,7.0,92.7,Hit
WIT Studio,Action,3,Original,Shoujo,24,24,Low,Low,5.23,12.7,4,Winter,2020,1,8.21,64.4,Hit
CloverWorks,Action,3,Light Novel,Seinen,13,12,Low,Medium,5.74,15.2,9,Winter,2021,0,7.11,70.7,Average
Toei Animation,Horror,1,Visual Novel,Shounen,13,24,High,Medium,4.7,1.7,8,Summer,2024,0,9.96,92.5,Hit
Bones,Mystery,1,Manga,Seinen,24,24,Medium,Low,4.53,8.4,9,Spring,2022,1,10.0,94.1,Hit
Silver Link,Adventure,2,Light Novel,Shounen,26,24,Medium,Medium,4.24,10.0,2,Winter,2016,1,6.76,45.2,Average
Pierrot,Action,3,Manga,Shoujo,100,12,Low,Medium,7.18,12.7,7,Winter,2022,0,4.37,42.2,Flop
Diomedea,Horror,1,Original,Shounen,26,12,High,Medium,3.3,7.2,3,Winter,2017,0,5.29,43.1,Flop
WIT Studio,Fantasy,2,Manga,Shounen,50,24,Low,High,6.77,0.5,8,Summer,2016,0,9.06,85.9,Hit
Toei Animation,Horror,1,Visual Novel,Shounen,13,24,Low,Low,5.55,7.6,6,Winter,2016,1,8.92,73.7,Hit
Kyoto Animation,Comedy,3,Light Novel,Shoujo,13,24,Medium,High,7.98,8.5,5,Fall,2020,1,10.0,97.7,Hit
MAPPA,Drama,2,Web Novel,Shounen,13,24,Medium,Medium,4.99,0.0,7,Winter,2018,0,9.97,94.8,Hit
Diomedea,Fantasy,3,Light Novel,Shounen,24,24,Low,High,2.63,9.2,1,Spring,2017,1,4.36,70.1,Flop
Trigger,Action,2,Original,Josei,12,24,Medium,Medium,6.1,8.2,9,Winter,2015,1,10.0,96.9,Hit
Doga Kobo,Romance,3,Web Novel,Josei,24,24,Medium,Medium,6.39,3.5,12,Spring,2015,1,8.65,78.4,Hit
MAPPA,Sports,1,Light Novel,Seinen,24,24,Low,Medium,7.52,5.2,8,Summer,2017,1,7.89,59.1,Average
Production I.G,Mystery,3,Game,Shounen,24,24,Low,Low,6.43,10.8,6,Spring,2024,1,7.33,67.1,Average
Pierrot,Mystery,3,Manga,Shoujo,50,24,High,Low,4.82,9.8,8,Summer,2019,0,7.75,58.4,Average
Zero-G,Supernatural,3,Visual Novel,Shoujo,24,24,Low,Low,5.15,9.7,6,Summer,2021,0,3.71,22.2,Flop
CloverWorks,Mecha,2,Manga,Josei,13,24,High,Medium,6.22,9.8,6,Fall,2023,1,10.0,89.9,Hit
Diomedea,Mecha,1,Web Novel,Shounen,50,12,Low,Medium,2.56,13.4,5,Fall,2022,0,3.7,11.2,Flop
Silver Link,Fantasy,3,Light Novel,Seinen,12,12,Low,Medium,6.07,3.4,4,Fall,2023,0,5.31,54.0,Flop
MAPPA,Psychological,1,Light Novel,Shoujo,26,24,High,Low,7.05,5.8,11,Spring,2022,0,10.0,89.0,Hit
Zero-G,Romance,3,Visual Novel,Josei,100,24,Medium,Low,3.79,10.5,4,Spring,2023,1,5.93,52.0,Average
Madhouse,Drama,1,Web Novel,Shounen,26,12,Low,Medium,7.62,3.0,7,Winter,2019,1,7.35,68.0,Average
Lerche,Action,1,Light Novel,Shoujo,12,24,Low,Medium,3.83,9.3,3,Winter,2023,0,4.9,44.0,Flop
Zero-G,Action,1,Web Novel,Shounen,12,12,Medium,High,1.0,5.9,5,Winter,2023,1,5.16,43.5,Flop
Pierrot,Sports,3,Light Novel,Shounen,26,24,Low,Low,4.83,9.4,12,Fall,2018,0,6.87,64.2,Average
WIT Studio,Action,2,Original,Shoujo,12,24,Medium,Low,4.98,3.4,7,Fall,2016,1,10.0,100.0,Hit
Kyoto Animation,Isekai,3,Original,Shounen,24,24,Low,Low,6.04,13.2,7,Fall,2018,0,9.55,97.4,Hit
Production I.G,Adventure,2,Manga,Shounen,26,24,High,Medium,7.84,4.8,4,Fall,2017,0,10.0,77.9,Hit
Kyoto Animation,Supernatural,2,Manga,Josei,12,24,Medium,Low,7.71,7.9,4,Summer,2023,1,8.56,71.1,Hit
Trigger,Slice of Life,2,Visual Novel,Shounen,24,24,Medium,Medium,3.11,9.4,13,Summer,2015,1,8.7,75.8,Hit
WIT Studio,Slice of Life,2,Game,Shounen,13,24,Low,Low,6.46,4.0,6,Summer,2023,0,8.7,65.2,Hit
J.C.Staff,Mystery,3,Original,Seinen,12,24,Low,Medium,2.98,9.5,7,Summer,2021,1,7.54,65.5,Average
MAPPA,Mystery,1,Light Novel,Shounen,24,24,Low,Medium,6.55,11.4,9,Summer,2024,0,10.0,100.0,Hit
CloverWorks,Sports,1,Original,Shounen,26,24,Medium,Medium,5.57,0.6,12,Winter,2020,0,10.0,100.0,Hit
ufotable,Romance,2,Original,Seinen,50,24,High,Medium,7.57,11.8,8,Winter,2016,1,9.33,100.0,Hit
MAPPA,Action,1,Manga,Josei,50,24,Low,Medium,6.84,12.5,4,Spring,2018,1,5.94,78.1,Average
ufotable,Fantasy,1,Visual Novel,Seinen,13,24,Low,Low,7.55,12.4,17,Summer,2022,1,6.79,70.0,Average
A-1 Pictures,Slice of Life,2,Game,Shounen,26,24,High,Medium,4.77,7.3,7,Fall,2022,1,7.45,79.0,Hit
Madhouse,Romance,2,Web Novel,Shounen,24,24,High,Low,6.27,3.5,6,Spring,2015,0,9.9,94.0,Hit
Lerche,Supernatural,2,Manga,Shounen,50,12,Medium,Low,4.47,12.9,2,Fall,2015,0,7.83,79.7,Hit
Pierrot,Comedy,3,Original,Seinen,12,24,Medium,Low,4.19,6.5,8,Winter,2016,0,6.3,53.2,Average
Silver Link,Slice of Life,3,Manga,Shoujo,24,24,Medium,High,6.16,5.5,2,Summer,2022,0,6.38,52.6,Average
CloverWorks,Supernatural,3,Light Novel,Shounen,24,24,Medium,Medium,6.84,7.1,3,Fall,2018,0,6.89,48.3,Average
MAPPA,Psychological,2,Web Novel,Shounen,12,24,Low,Low,6.42,5.5,9,Spring,2019,0,7.89,66.5,Hit
WIT Studio,Mecha,1,Manga,Josei,24,24,High,Low,4.58,6.4,10,Winter,2021,1,9.12,97.1,Hit
A-1 Pictures,Sports,3,Web Novel,Seinen,24,12,High,Low,4.8,4.0,8,Spring,2023,1,8.38,91.6,Hit
Diomedea,Sci-Fi,3,Manga,Seinen,50,24,Medium,Low,2.29,5.8,2,Winter,2016,1,1.34,1.0,Flop
Production I.G,Sci-Fi,3,Light Novel,Shounen,24,12,High,Low,6.85,11.2,9,Summer,2023,0,10.0,100.0,Hit
Silver Link,Sports,1,Manga,Seinen,12,12,Low,Medium,3.15,8.6,6,Fall,2020,1,7.63,51.8,Average
Studio Deen,Supernatural,2,Visual Novel,Shounen,100,24,Medium,Medium,2.05,8.9,3,Spring,2023,1,6.52,60.4,Average
Sunrise,Drama,1,Light Novel,Seinen,24,24,Medium,Medium,5.21,3.6,4,Summer,2016,1,9.14,82.5,Hit
CloverWorks,Comedy,1,Light Novel,Shounen,50,12,High,High,9.99,7.4,6,Spring,2019,1,9.36,88.4,Hit
Toei Animation,Mecha,1,Original,Shounen,50,24,High,Low,4.94,12.2,4,Spring,2019,0,10.0,89.0,Hit
ufotable,Comedy,3,Manga,Shounen,13,12,Low,Medium,6.72,7.4,9,Spring,2022,0,9.66,100.0,Hit
J.C.Staff,Isekai,1,Light Novel,Shoujo,13,24,High,Medium,3.87,8.1,9,Fall,2022,1,8.12,69.1,Hit
Madhouse,Action,1,Manga,Shoujo,24,24,Low,Medium,4.86,10.7,5,Spring,2023,0,8.45,89.2,Hit
CloverWorks,Action,3,Visual Novel,Shoujo,24,12,Medium,Medium,7.8,7.5,3,Spring,2018,1,8.33,92.9,Hit
ufotable,Drama,2,Manga,Josei,50,24,High,High,8.08,4.1,14,Winter,2024,0,10.0,100.0,Hit
Trigger,Sports,1,Light Novel,Seinen,100,24,Low,Low,5.9,4.6,10,Winter,2022,0,8.28,85.7,Hit
Kyoto Animation,Fantasy,1,Game,Josei,12,24,Medium,Medium,5.67,4.4,11,Summer,2023,0,8.07,79.6,Hit
Silver Link,Adventure,3,Manga,Josei,12,24,Medium,Medium,3.54,8.3,5,Summer,2016,1,5.93,71.9,Average
Diomedea,Adventure,2,Web Novel,Shoujo,12,24,Medium,Medium,2.73,3.9,1,Spring,2016,1,2.61,32.2,Flop
Kyoto Animation,Supernatural,2,Manga,Seinen,12,24,Medium,Medium,4.63,0.5,9,Fall,2016,0,9.14,94.5,Hit
Trigger,Comedy,1,Manga,Seinen,26,24,High,Medium,6.98,8.0,6,Winter,2018,0,8.98,95.9,Hit
Doga Kobo,Comedy,2,Visual Novel,Shounen,12,24,High,High,1.96,14.3,3,Summer,2024,0,7.51,74.7,Hit
Bones,Supernatural,2,Manga,Seinen,12,24,Low,Medium,5.74,12.3,10,Fall,2016,1,6.2,78.6,Average
MAPPA,Horror,3,Game,Shounen,50,24,Low,Medium,8.96,10.6,7,Winter,2021,1,8.28,62.9,Hit
Lerche,Horror,2,Light Novel,Seinen,12,24,Medium,High,4.23,6.9,3,Winter,2016,0,5.79,44.0,Flop
CloverWorks,Adventure,3,Manga,Shoujo,50,24,Low,Low,6.46,12.4,5,Summer,2024,0,6.58,66.4,Average
J.C.Staff,Mystery,1,Light Novel,Seinen,26,24,Low,Medium,5.42,11.0,5,Winter,2018,1,4.66,60.9,Flop
Trigger,Comedy,1,Original,Shounen,24,24,Low,Low,8.31,0.5,12,Fall,2021,1,6.62,58.0,Average
Bones,Comedy,3,Game,Shoujo,12,24,Low,Medium,7.35,0.0,6,Winter,2022,1,6.46,71.0,Average
Production I.G,Action,1,Manga,Shoujo,12,24,High,Low,6.36,4.0,6,Winter,2018,0,9.12,81.5,Hit
Lerche,Adventure,3,Manga,Shounen,50,24,Medium,High,1.56,1.9,3,Summer,2021,0,6.04,72.3,Average
A-1 Pictures,Fantasy,1,Manga,Shounen,24,24,High,Low,3.63,9.9,4,Fall,2017,0,8.06,97.2,Hit
CloverWorks,Sci-Fi,1,Manga,Shounen,13,12,High,High,5.79,9.1,6,Fall,2019,1,9.77,84.6,Hit
Studio Deen,Isekai,1,Manga,Shoujo,12,24,Low,Low,4.68,12.0,5,Spring,2023,0,4.98,51.7,Flop
Silver Link,Sci-Fi,1,Light Novel,Shounen,12,12,Medium,Medium,5.68,12.6,5,Winter,2021,1,4.77,66.5,Average
J.C.Staff,Sci-Fi,1,Manga,Josei,12,24,High,Medium,5.81,11.7,7,Fall,2019,0,9.26,98.7,Hit
MAPPA,Drama,3,Game,Shounen,13,24,Low,Medium,5.12,12.2,8,Fall,2020,0,8.34,77.8,Hit
Diomedea,Comedy,2,Light Novel,Seinen,12,24,Medium,Low,1.92,7.4,3,Spring,2024,1,3.6,41.1,Flop
Madhouse,Fantasy,3,Light Novel,Seinen,100,24,High,Low,6.17,10.8,8,Winter,2023,1,9.9,89.3,Hit
Toei Animation,Romance,3,Web Novel,Shounen,12,24,Medium,Medium,5.31,12.0,8,Winter,2018,1,5.08,49.1,Flop
Zero-G,Sports,3,Light Novel,Shounen,100,24,Medium,Medium,3.85,7.9,6,Summer,2015,1,7.08,58.9,Average
Silver Link,Mecha,3,Manga,Seinen,12,24,Low,Low,6.37,12.4,4,Summer,2015,0,5.53,49.6,Flop
Bones,Mystery,1,Original,Shounen,24,24,Medium,Low,6.3,8.4,10,Spring,2016,0,9.46,98.6,Hit
ufotable,Psychological,2,Manga,Seinen,26,24,Medium,Low,7.57,5.9,7,Summer,2020,1,8.91,92.7,Hit
Doga Kobo,Romance,3,Game,Seinen,24,24,Low,High,4.32,14.7,7,Fall,2017,1,10.0,88.5,Hit
Production I.G,Mecha,2,Manga,Seinen,24,24,Medium,Low,2.63,9.5,4,Fall,2021,0,8.33,92.1,Hit
Lerche,Sci-Fi,1,Visual Novel,Shounen,50,12,Medium,Low,5.76,8.6,6,Fall,2019,0,5.34,38.1,Flop
Production I.G,Sci-Fi,1,Visual Novel,Shounen,12,24,Low,High,5.39,10.4,11,Fall,2019,1,8.64,88.4,Hit
Pierrot,Comedy,2,Original,Shounen,12,24,High,Medium,4.59,6.5,4,Summer,2020,0,9.8,90.5,Hit
CloverWorks,Horror,2,Manga,Shounen,50,24,Medium,Medium,9.15,9.6,5,Fall,2024,0,9.31,70.8,Hit
J.C.Staff,Adventure,1,Manga,Shounen,24,24,Low,Low,4.18,15.4,7,Winter,2017,1,6.77,58.7,Average
Sunrise,Horror,1,Light Novel,Shoujo,13,24,Low,Low,6.64,7.0,3,Winter,2021,0,4.73,57.7,Flop
Toei Animation,Supernatural,1,Manga,Shounen,50,24,High,High,7.36,3.4,3,Spring,2016,0,8.28,84.6,Hit
Sunrise,Slice of Life,1,Manga,Shounen,13,24,Medium,Medium,8.35,5.8,6,Spring,2017,0,6.25,62.5,Average
MAPPA,Mystery,1,Light Novel,Seinen,50,24,Medium,Low,6.16,6.2,8,Winter,2017,1,8.47,78.9,Hit
Studio Deen,Mecha,2,Original,Shoujo,12,24,Low,Medium,4.17,5.7,5,Fall,2024,1,4.59,74.3,Average
MAPPA,Sports,1,Game,Shounen,12,24,Medium,Low,4.4,9.4,8,Winter,2020,0,7.66,64.0,Average
Toei Animation,Comedy,3,Manga,Shounen,13,24,High,Low,4.53,11.3,5,Fall,2022,0,8.04,83.8,Hit
ufotable,Fantasy,3,Light Novel,Shounen,12,12,Low,Medium,6.35,11.0,9,Spring,2018,1,8.92,82.8,Hit
Madhouse,Action,3,Game,Shounen,13,24,Medium,Low,5.45,0.0,6,Fall,2023,1,7.98,58.2,Average
Diomedea,Psychological,3,Manga,Seinen,12,24,Low,Medium,2.48,7.8,5,Summer,2024,0,2.78,9.4,Flop
A-1 Pictures,Sci-Fi,2,Manga,Seinen,12,24,High,High,4.7,7.9,6,Spring,2015,1,9.61,85.1,Hit
Bones,Sci-Fi,2,Game,Seinen,12,24,Low,Low,8.36,6.9,9,Fall,2020,0,7.95,66.0,Hit
Production I.G,Slice of Life,2,Light Novel,Seinen,26,24,Low,Medium,4.62,9.9,4,Summer,2023,0,4.88,53.5,Flop
Sunrise,Horror,3,Web Novel,Seinen,12,24,Low,Medium,7.26,2.0,9,Spring,2020,0,5.18,60.5,Average
Silver Link,Psychological,2,Original,Seinen,12,24,Medium,Medium,5.68,4.3,5,Summer,2016,1,6.51,71.6,Average
Doga Kobo,Comedy,3,Manga,Shounen,13,24,Medium,Medium,3.9,7.3,10,Fall,2018,0,6.89,83.2,Hit
Silver Link,Fantasy,2,Web Novel,Seinen,13,24,Low,Low,4.33,3.8,4,Summer,2021,0,6.16,73.0,Average
Production I.G,Mecha,2,Game,Seinen,24,24,Medium,Medium,5.63,8.7,8,Winter,2017,0,7.45,86.1,Hit
MAPPA,Sci-Fi,1,Light Novel,Shounen,50,24,Low,Low,5.11,12.2,8,Summer,2019,0,4.96,46.2,Flop
Trigger,Romance,2,Manga,Shounen,24,24,Low,High,6.69,6.8,14,Summer,2021,0,7.83,91.5,Hit
MAPPA,Adventure,3,Original,Shounen,12,24,Medium,High,6.76,7.6,10,Winter,2020,0,9.57,88.4,Hit
Kyoto Animation,Adventure,2,Manga,Josei,12,24,High,Medium,5.05,10.9,11,Spring,2024,0,10.0,84.9,Hit
Sunrise,Sci-Fi,1,Manga,Shoujo,24,12,Low,Medium,3.75,2.5,4,Spring,2022,0,5.07,68.1,Average
Zero-G,Mystery,1,Game,Shoujo,50,24,High,Low,4.42,12.0,3,Winter,2019,1,5.28,46.2,Flop
CloverWorks,Drama,1,Web Novel,Shounen,25,24,Medium,Low,6.71,1.6,10,Spring,2022,0,7.59,100.0,Hit
Kyoto Animation,Supernatural,3,Manga,Shounen,24,24,Low,High,8.59,1.7,9,Spring,2023,1,9.16,91.7,Hit
Pierrot,Horror,1,Original,Seinen,12,24,Low,High,5.19,9.9,8,Summer,2016,0,6.97,83.3,Hit
ufotable,Psychological,1,Game,Shoujo,12,24,Low,Low,8.55,0.7,12,Winter,2024,0,8.93,98.0,Hit
Sunrise,Mecha,1,Light Novel,Shounen,12,12,Low,Low,2.06,0.0,7,Winter,2018,0,5.33,35.7,Flop
A-1 Pictures,Supernatural,2,Game,Shounen,12,12,Medium,High,7.06,7.8,9,Spring,2022,0,5.52,70.6,Average
Doga Kobo,Mecha,1,Original,Shounen,25,24,Medium,Medium,4.75,0.0,3,Summer,2020,0,5.97,67.8,Average
MAPPA,Fantasy,3,Web Novel,Shounen,50,24,Low,Low,7.92,8.8,11,Winter,2019,0,7.72,78.9,Hit
Toei Animation,Fantasy,2,Light Novel,Shoujo,50,24,Low,High,5.33,7.7,6,Winter,2019,0,8.57,76.0,Hit
Madhouse,Sci-Fi,1,Light Novel,Seinen,12,12,Medium,Medium,6.43,7.8,9,Winter,2018,1,8.85,68.6,Hit
Diomedea,Psychological,3,Light Novel,Shoujo,12,24,High,Medium,4.18,5.6,4,Summer,2021,1,5.49,67.9,Average
Pierrot,Sci-Fi,3,Web Novel,Shounen,25,24,Medium,Medium,4.18,8.0,10,Winter,2017,0,7.37,53.2,Average
Diomedea,Mystery,1,Manga,Shounen,13,24,High,Low,5.45,9.0,5,Summer,2021,1,6.89,54.1,Average
Diomedea,Adventure,3,Game,Shounen,25,24,Medium,High,5.74,2.8,7,Spring,2023,0,4.36,36.4,Flop
Silver Link,Adventure,1,Light Novel,Shounen,12,24,Medium,Low,3.9,10.0,5,Spring,2018,1,4.33,22.3,Flop
J.C.Staff,Supernatural,1,Original,Shounen,50,24,Low,Medium,6.82,10.4,4,Winter,2016,0,6.97,76.8,Hit
Doga Kobo,Drama,3,Original,Seinen,24,24,Low,Low,3.69,3.8,3,Summer,2021,1,3.37,39.8,Flop
Doga Kobo,Supernatural,1,Game,Shounen,13,24,Medium,Medium,5.77,3.3,5,Fall,2016,0,5.17,43.6,Flop
WIT Studio,Comedy,1,Light Novel,Shounen,24,24,Low,High,6.68,5.2,14,Spring,2017,1,8.53,68.8,Hit
J.C.Staff,Mystery,2,Visual Novel,Seinen,13,12,Medium,Low,6.46,7.7,7,Summer,2022,1,6.01,45.5,Flop
Zero-G,Isekai,3,Manga,Josei,26,24,Medium,Medium,5.37,14.5,9,Spring,2017,0,4.73,26.5,Flop
Zero-G,Adventure,2,Web Novel,Seinen,12,24,Low,Medium,3.62,8.2,5,Spring,2015,0,2.62,19.2,Flop
Trigger,Mystery,1,Light Novel,Shounen,12,24,Medium,Low,5.17,4.9,9,Winter,2022,0,6.71,73.0,Average
Pierrot,Fantasy,3,Original,Seinen,24,24,Low,Medium,5.74,2.8,4,Winter,2022,1,5.68,34.7,Flop
Kyoto Animation,Mystery,2,Game,Seinen,13,24,High,Low,10.0,8.2,7,Fall,2023,1,10.0,94.1,Hit
Trigger,Adventure,1,Manga,Seinen,12,24,High,Low,4.37,5.6,6,Fall,2023,1,9.41,100.0,Hit
Kyoto Animation,Romance,1,Light Novel,Shounen,12,12,High,Low,5.94,2.5,9,Summer,2021,0,9.48,98.6,Hit
Bones,Adventure,1,Manga,Seinen,25,24,Medium,Medium,3.58,0.0,11,Spring,2022,1,10.0,92.3,Hit
Diomedea,Horror,3,Game,Shounen,24,24,Medium,Low,4.98,9.5,4,Fall,2021,0,4.87,52.3,Flop
Diomedea,Action,1,Web Novel,Shounen,12,24,Low,Medium,2.24,8.6,10,Fall,2021,0,4.76,53.2,Flop
Zero-G,Romance,3,Web Novel,Shounen,50,24,High,Medium,2.85,3.8,0,Spring,2017,0,5.6,34.1,Flop
J.C.Staff,Mecha,1,Manga,Josei,12,24,Medium,Low,2.89,10.6,7,Spring,2017,0,5.06,49.6,Flop
A-1 Pictures,Drama,1,Visual Novel,Seinen,12,24,Low,Low,7.22,4.6,6,Spring,2021,1,8.3,70.2,Hit
Diomedea,Mecha,2,Original,Shounen,26,12,High,Medium,2.53,13.4,5,Winter,2019,0,6.92,67.5,Average
Studio Deen,Comedy,3,Manga,Seinen,50,24,Medium,Low,3.82,8.6,7,Fall,2015,1,6.02,54.0,Average
Silver Link,Sci-Fi,1,Manga,Shounen,12,24,Medium,Medium,4.0,4.7,5,Spring,2020,0,4.16,21.3,Flop
Sunrise,Mystery,3,Light Novel,Josei,12,24,Medium,Low,2.92,3.8,6,Winter,2022,1,6.62,68.4,Average
Pierrot,Adventure,1,Light Novel,Shoujo,50,24,High,Medium,2.07,6.4,8,Fall,2022,1,7.28,52.5,Average
Zero-G,Drama,1,Manga,Shounen,13,24,High,High,3.93,11.4,3,Winter,2024,0,8.51,79.0,Hit
Lerche,Adventure,2,Game,Shounen,12,24,High,Medium,4.51,0.6,7,Winter,2016,0,6.74,29.4,Flop
A-1 Pictures,Fantasy,1,Manga,Shounen,24,24,High,Medium,4.38,5.6,8,Spring,2016,1,6.81,94.0,Hit
A-1 Pictures,Psychological,2,Visual Novel,Shoujo,12,24,Medium,Low,5.59,12.0,7,Spring,2016,1,9.24,75.9,Hit
Studio Deen,Sports,1,Web Novel,Seinen,13,24,High,Low,1.0,1.9,3,Spring,2022,0,3.9,58.2,Flop
Sunrise,Slice of Life,2,Manga,Shounen,12,24,Low,High,5.29,13.9,9,Spring,2017,0,9.43,94.9,Hit
Zero-G,Fantasy,2,Manga,Shounen,12,24,High,Low,1.06,3.5,5,Winter,2024,0,6.51,51.7,Average
Sunrise,Adventure,2,Web Novel,Shounen,24,24,Medium,Medium,2.41,6.5,9,Spring,2022,0,6.22,56.0,Average
Zero-G,Fantasy,2,Web Novel,Shounen,24,24,Medium,High,1.0,10.9,5,Spring,2020,0,7.4,75.3,Hit
Production I.G,Isekai,1,Visual Novel,Shounen,12,24,Low,High,7.96,10.2,9,Summer,2015,1,10.0,100.0,Hit
Lerche,Sci-Fi,2,Light Novel,Shounen,26,24,Low,High,3.47,6.3,7,Spring,2019,0,5.21,66.9,Average
MAPPA,Isekai,3,Visual Novel,Seinen,12,24,Low,High,6.79,4.1,8,Fall,2020,0,8.94,81.6,Hit
Studio Deen,Isekai,3,Manga,Seinen,24,24,Low,Low,3.61,5.6,4,Summer,2021,0,3.43,46.4,Flop
Sunrise,Sci-Fi,1,Light Novel,Shounen,24,24,High,Medium,3.35,10.4,7,Fall,2018,0,7.02,72.5,Average
Kyoto Animation,Romance,1,Manga,Shounen,26,24,Low,Medium,6.84,9.7,8,Winter,2019,1,8.27,81.9,Hit
Trigger,Drama,1,Manga,Shoujo,12,24,Medium,Low,5.19,8.9,4,Spring,2017,0,4.74,61.2,Flop
Sunrise,Horror,3,Light Novel,Seinen,50,24,Medium,Medium,3.93,12.1,9,Winter,2019,0,8.84,75.1,Hit
Silver Link,Drama,2,Light Novel,Shounen,26,24,Low,High,2.35,2.4,2,Spring,2024,1,6.72,60.1,Average
Trigger,Horror,3,Manga,Seinen,13,24,Medium,High,5.38,6.6,8,Spring,2018,0,9.7,90.5,Hit
Silver Link,Mecha,3,Light Novel,Seinen,50,24,Medium,Medium,6.81,12.5,7,Winter,2020,0,7.14,72.9,Hit
Madhouse,Sci-Fi,1,Game,Shounen,26,24,Medium,Medium,4.4,9.4,6,Winter,2019,1,7.53,69.7,Hit
Production I.G,Mystery,1,Light Novel,Shounen,12,12,High,Low,3.2,9.3,6,Spring,2020,1,6.88,79.7,Hit
Sunrise,Psychological,2,Light Novel,Josei,13,24,Low,Low,4.38,12.9,3,Winter,2016,1,7.08,83.7,Hit
Trigger,Sports,1,Light Novel,Shounen,25,24,Medium,Medium,4.41,6.4,12,Spring,2018,1,8.74,100.0,Hit
Madhouse,Adventure,1,Visual Novel,Shounen,24,24,Medium,High,6.87,12.0,9,Winter,2015,0,10.0,100.0,Hit
MAPPA,Sci-Fi,3,Manga,Seinen,13,12,Low,Medium,5.26,12.6,6,Summer,2015,1,10.0,99.4,Hit
Bones,Action,2,Visual Novel,Seinen,24,24,Low,Medium,4.79,8.0,8,Fall,2017,0,10.0,96.8,Hit
Pierrot,Sci-Fi,3,Visual Novel,Seinen,12,12,Medium,High,4.02,8.5,3,Summer,2021,1,7.87,92.0,Hit
Diomedea,Mystery,2,Light Novel,Seinen,12,24,Low,High,1.91,11.4,2,Spring,2018,0,3.63,35.4,Flop
Toei Animation,Isekai,3,Manga,Seinen,12,24,High,High,4.19,3.8,6,Fall,2023,1,8.48,78.0,Hit
Zero-G,Action,1,Web Novel,Shounen,50,24,Medium,High,1.0,12.6,6,Spring,2020,1,5.53,42.7,Flop
Toei Animation,Mystery,3,Manga,Seinen,12,24,Low,High,7.15,6.8,5,Fall,2024,0,5.54,57.0,Average
WIT Studio,Horror,3,Visual Novel,Seinen,24,24,Medium,High,7.1,7.7,4,Winter,2019,1,10.0,65.7,Hit
ufotable,Drama,2,Visual Novel,Seinen,24,24,High,Low,5.98,9.9,9,Winter,2015,1,8.97,100.0,Hit
Madhouse,Supernatural,2,Web Novel,Josei,26,24,Medium,Medium,7.87,11.9,7,Fall,2020,1,9.97,85.6,Hit
Sunrise,Isekai,2,Light Novel,Josei,26,24,Medium,Medium,4.48,7.1,10,Fall,2016,1,6.2,67.1,Average
WIT Studio,Fantasy,3,Original,Shounen,24,24,Medium,Low,4.88,10.3,7,Winter,2017,0,9.87,90.9,Hit
Doga Kobo,Drama,1,Original,Shoujo,12,24,Low,Low,2.65,4.6,5,Fall,2015,0,3.87,31.4,Flop
Sunrise,Mystery,3,Visual Novel,Josei,25,24,Medium,Low,3.16,10.4,5,Summer,2015,1,4.68,66.2,Flop
A-1 Pictures,Mecha,2,Web Novel,Shounen,13,12,Medium,Low,1.89,0.0,9,Winter,2024,1,5.9,70.8,Average
Production I.G,Mystery,2,Light Novel,Shounen,50,12,Low,High,5.14,10.7,8,Fall,2024,0,6.94,57.9,Average
Lerche,Psychological,3,Original,Shounen,12,24,Medium,Low,4.45,8.8,5,Fall,2023,0,5.64,57.0,Average
Trigger,Slice of Life,1,Light Novel,Josei,12,24,Medium,Low,4.3,7.6,9,Summer,2016,0,7.13,89.3,Hit
Studio Deen,Sports,3,Original,Shoujo,24,24,Low,High,4.04,8.0,9,Fall,2016,0,8.76,80.9,Hit
ufotable,Drama,1,Manga,Seinen,24,24,Medium,Low,6.13,5.8,12,Winter,2022,0,8.71,100.0,Hit
Toei Animation,Mystery,3,Light Novel,Shounen,26,12,Low,High,4.5,8.3,5,Winter,2018,0,6.92,72.8,Average
Trigger,Drama,2,Web Novel,Shoujo,12,24,Medium,Low,5.22,4.2,7,Spring,2019,0,5.13,71.5,Average
Lerche,Isekai,3,Light Novel,Seinen,50,24,Medium,High,5.53,2.3,6,Spring,2024,0,6.7,74.6,Average
A-1 Pictures,Sci-Fi,2,Manga,Shounen,12,24,High,Low,5.44,7.8,7,Summer,2015,1,7.69,76.4,Hit
Diomedea,Horror,3,Web Novel,Shounen,12,24,Low,Medium,1.32,7.3,3,Spring,2022,0,2.76,1.0,Flop
Kyoto Animation,Isekai,3,Light Novel,Shounen,12,24,High,Medium,8.57,8.6,8,Winter,2016,1,10.0,89.2,Hit
Doga Kobo,Mystery,3,Original,Shoujo,12,12,Low,High,6.74,10.6,6,Winter,2020,0,8.52,97.6,Hit
Sunrise,Mystery,3,Original,Shounen,12,24,Medium,Medium,6.04,7.6,8,Fall,2024,1,9.03,98.5,Hit
A-1 Pictures,Isekai,1,Manga,Shounen,100,12,High,Low,6.08,10.3,7,Fall,2017,1,8.71,91.8,Hit
Madhouse,Psychological,1,Original,Shounen,12,24,Medium,Low,5.69,8.2,9,Fall,2022,0,9.83,85.7,Hit
Kyoto Animation,Psychological,1,Game,Shoujo,50,24,Low,Medium,5.23,6.9,9,Spring,2021,1,5.93,56.9,Average
Pierrot,Comedy,2,Web Novel,Shounen,12,24,High,Medium,5.54,4.2,6,Spring,2022,1,9.08,99.5,Hit
Silver Link,Slice of Life,3,Manga,Shounen,12,24,Medium,Medium,5.11,6.2,8,Summer,2021,1,7.63,82.1,Hit
Bones,Sports,1,Manga,Shounen,13,24,Low,Low,6.15,6.6,9,Spring,2021,1,6.35,80.0,Average
WIT Studio,Romance,2,Original,Shounen,24,12,High,Low,6.95,3.7,4,Summer,2020,0,9.7,98.7,Hit
Pierrot,Isekai,2,Manga,Shounen,100,12,Medium,High,5.1,10.0,11,Spring,2021,0,8.45,76.3,Hit
Silver Link,Mecha,2,Light Novel,Shounen,12,24,Low,High,4.47,4.6,1,Winter,2017,0,3.96,36.7,Flop
Trigger,Mystery,1,Manga,Seinen,12,24,Medium,Medium,5.62,15.3,10,Spring,2017,1,8.97,96.2,Hit
MAPPA,Sci-Fi,1,Light Novel,Shounen,26,24,Low,Medium,7.37,12.1,6,Fall,2016,0,8.73,100.0,Hit
Studio Deen,Psychological,3,Manga,Seinen,12,24,Low,Low,1.9,12.4,4,Winter,2022,0,5.15,24.9,Flop
A-1 Pictures,Isekai,2,Visual Novel,Shounen,13,24,High,Low,4.47,6.5,8,Winter,2021,0,6.11,77.5,Average
CloverWorks,Sports,3,Visual Novel,Seinen,12,24,Low,Low,3.59,4.4,8,Fall,2020,1,8.22,66.5,Hit
Pierrot,Mecha,2,Light Novel,Shoujo,12,24,Low,Low,5.84,10.8,4,Fall,2016,0,4.14,54.9,Flop
Toei Animation,Isekai,3,Original,Shounen,24,24,Low,Low,4.76,8.7,10,Spring,2017,0,7.5,45.5,Average
Silver Link,Horror,2,Manga,Seinen,12,24,Medium,High,7.02,6.2,4,Summer,2023,1,6.85,64.7,Average
J.C.Staff,Slice of Life,2,Original,Shounen,100,12,High,Low,6.49,7.8,7,Winter,2016,0,7.41,72.0,Hit
Production I.G,Drama,1,Original,Shounen,12,24,Medium,Medium,5.55,11.2,8,Spring,2020,1,8.96,96.2,Hit
Diomedea,Supernatural,1,Manga,Shounen,26,24,Low,High,6.25,8.1,2,Spring,2023,0,6.27,73.8,Average
Kyoto Animation,Isekai,3,Light Novel,Shounen,12,24,Medium,Medium,6.92,0.0,4,Winter,2023,0,6.91,78.7,Hit
J.C.Staff,Mystery,1,Visual Novel,Seinen,100,24,High,Medium,3.85,5.6,4,Summer,2017,1,7.77,86.6,Hit
Bones,Comedy,3,Game,Seinen,24,24,Low,Low,6.94,8.1,7,Fall,2016,0,8.14,78.5,Hit
Kyoto Animation,Comedy,2,Light Novel,Seinen,12,24,Medium,Low,6.31,11.8,9,Spring,2023,1,7.52,61.8,Average
Kyoto Animation,Psychological,1,Light Novel,Shounen,12,12,Low,Low,7.76,14.2,11,Winter,2024,0,7.7,80.2,Hit
Kyoto Animation,Drama,2,Manga,Shounen,12,24,Low,Low,6.36,5.6,9,Winter,2024,0,7.15,69.4,Average
MAPPA,Action,3,Visual Novel,Seinen,26,12,Low,Low,6.72,9.3,8,Summer,2015,0,7.37,98.2,Hit
Doga Kobo,Adventure,2,Web Novel,Shoujo,24,24,High,Medium,4.95,10.6,5,Fall,2021,0,8.9,100.0,Hit
WIT Studio,Sports,2,Light Novel,Shounen,12,24,High,Medium,6.53,11.3,9,Winter,2021,0,9.43,94.0,Hit
Madhouse,Psychological,3,Original,Seinen,12,24,Low,Medium,6.51,3.2,9,Summer,2018,0,9.61,74.7,Hit
A-1 Pictures,Mystery,3,Manga,Shounen,24,24,Medium,High,3.58,9.8,8,Winter,2016,1,8.65,64.1,Hit
Bones,Mystery,3,Manga,Josei,24,24,High,High,8.1,11.5,12,Summer,2023,1,9.64,96.4,Hit
Sunrise,Horror,3,Original,Shounen,13,24,Medium,Low,4.75,3.3,6,Fall,2023,0,8.76,65.2,Hit
Lerche,Mystery,2,Manga,Shounen,24,24,High,High,4.22,4.3,2,Spring,2017,0,7.52,81.7,Hit
Madhouse,Mystery,3,Web Novel,Seinen,13,12,Medium,Medium,6.8,5.7,4,Fall,2022,0,7.45,71.1,Hit
J.C.Staff,Mystery,1,Light Novel,Seinen,13,24,High,Medium,4.24,11.4,3,Spring,2022,0,8.79,81.0,Hit
WIT Studio,Horror,3,Light Novel,Seinen,50,24,Medium,Medium,8.88,2.6,7,Winter,2017,0,7.5,67.3,Average
Madhouse,Isekai,2,Original,Shounen,12,12,Medium,Low,6.71,6.6,5,Fall,2022,1,9.87,100.0,Hit
A-1 Pictures,Mecha,2,Manga,Shounen,13,12,Low,Medium,4.81,12.5,12,Summer,2023,0,6.73,46.4,Average
Kyoto Animation,Comedy,2,Light Novel,Shounen,13,24,Medium,Low,6.08,11.6,7,Summer,2017,0,6.01,76.7,Average
A-1 Pictures,Action,2,Manga,Shounen,24,24,Low,Low,7.28,11.8,10,Spring,2024,1,9.1,100.0,Hit
ufotable,Supernatural,2,Original,Shounen,13,24,Low,High,8.02,9.9,11,Fall,2021,0,9.66,100.0,Hit
Zero-G,Comedy,2,Manga,Seinen,12,24,Medium,Medium,3.15,8.1,2,Spring,2019,1,4.78,52.1,Flop
Doga Kobo,Supernatural,1,Light Novel,Shounen,13,24,Medium,High,2.32,10.5,6,Summer,2015,0,7.19,79.2,Hit
WIT Studio,Mecha,3,Web Novel,Shounen,24,24,Medium,Medium,6.65,9.1,4,Winter,2023,0,6.32,53.3,Average
Trigger,Mecha,2,Light Novel,Josei,13,24,Medium,High,10.0,12.0,3,Spring,2022,0,9.34,97.2,Hit
Bones,Mystery,1,Original,Shounen,13,24,Low,Medium,8.14,3.1,7,Winter,2022,0,8.38,68.0,Hit
Madhouse,Comedy,2,Manga,Seinen,12,24,Medium,Low,4.56,3.8,10,Spring,2024,0,6.62,68.1,Average
Kyoto Animation,Slice of Life,1,Game,Seinen,12,24,High,High,7.85,6.7,6,Summer,2021,0,10.0,100.0,Hit
J.C.Staff,Horror,3,Web Novel,Shoujo,13,12,Low,Low,2.23,6.1,11,Winter,2017,0,6.44,65.3,Average
Kyoto Animation,Fantasy,1,Manga,Seinen,26,24,Medium,Low,6.6,2.9,9,Spring,2017,1,8.82,81.0,Hit
Trigger,Mecha,1,Visual Novel,Seinen,26,12,Low,Medium,7.12,6.1,5,Spring,2020,1,6.19,33.8,Flop
Bones,Adventure,1,Light Novel,Shounen,24,24,Medium,Low,6.95,9.2,10,Winter,2018,1,9.5,94.8,Hit
Toei Animation,Supernatural,3,Manga,Shounen,12,24,Low,Medium,4.53,8.2,9,Fall,2024,0,8.07,68.9,Hit
Silver Link,Adventure,3,Light Novel,Seinen,50,24,High,Medium,3.15,9.0,4,Fall,2020,1,6.29,46.1,Average
Kyoto Animation,Romance,2,Light Novel,Seinen,24,24,Low,Medium,5.41,8.0,4,Spring,2016,1,6.85,56.4,Average
CloverWorks,Romance,3,Visual Novel,Shounen,13,24,Medium,Medium,3.95,7.5,5,Summer,2016,1,7.41,82.6,Hit
CloverWorks,Mystery,3,Light Novel,Seinen,12,12,High,Low,5.47,9.9,4,Fall,2022,0,8.14,63.9,Hit
Silver Link,Adventure,2,Original,Shounen,25,24,Low,Low,4.73,2.2,5,Winter,2020,0,5.33,38.9,Flop
Doga Kobo,Supernatural,3,Manga,Shounen,12,24,High,High,6.43,13.6,4,Summer,2021,1,5.68,53.6,Average
J.C.Staff,Fantasy,1,Game,Shoujo,13,24,High,Medium,3.39,12.0,4,Spring,2021,1,7.11,61.6,Average
A-1 Pictures,Slice of Life,3,Manga,Shounen,12,24,High,Medium,4.7,7.0,13,Winter,2017,0,10.0,100.0,Hit
Production I.G,Fantasy,2,Original,Josei,50,24,Low,High,5.08,6.3,11,Fall,2022,0,8.08,88.2,Hit
WIT Studio,Comedy,1,Light Novel,Shounen,24,24,Low,Medium,6.08,1.7,3,Winter,2021,0,7.02,78.3,Hit
Pierrot,Slice of Life,1,Manga,Shounen,12,24,High,Low,3.79,13.4,8,Fall,2019,1,7.21,79.9,Hit
ufotable,Action,3,Light Novel,Shounen,50,24,Medium,Medium,8.43,17.9,6,Summer,2019,1,10.0,92.2,Hit
Trigger,Mecha,1,Visual Novel,Seinen,50,24,Medium,Medium,5.19,8.4,5,Spring,2020,0,7.96,78.4,Hit
Toei Animation,Slice of Life,2,Light Novel,Shounen,12,24,Medium,Low,4.0,6.1,6,Summer,2019,1,5.87,50.1,Average
Lerche,Romance,2,Original,Shounen,50,24,High,High,2.16,8.1,5,Fall,2016,1,7.52,70.5,Hit
Lerche,Mecha,1,Manga,Josei,12,24,Low,High,6.28,19.7,3,Spring,2024,1,7.43,52.1,Average
WIT Studio,Isekai,1,Light Novel,Shounen,24,24,Medium,Medium,6.03,6.5,8,Fall,2017,1,8.98,89.5,Hit
Toei Animation,Isekai,3,Light Novel,Shounen,24,24,Low,Low,2.78,13.1,7,Spring,2017,0,4.54,30.2,Flop
CloverWorks,Slice of Life,3,Light Novel,Josei,12,24,Low,High,5.85,4.7,11,Fall,2023,0,9.17,86.0,Hit
Lerche,Mecha,3,Light Novel,Seinen,24,24,Low,Medium,4.92,6.6,3,Summer,2017,1,4.94,50.1,Flop
Sunrise,Slice of Life,1,Manga,Shoujo,24,24,Medium,Low,4.27,1.3,5,Summer,2023,0,7.96,89.1,Hit
Madhouse,Comedy,1,Light Novel,Seinen,24,24,Medium,Medium,5.41,5.0,5,Summer,2018,0,7.43,75.4,Hit
MAPPA,Sports,1,Original,Seinen,25,24,Low,Medium,6.68,8.1,8,Fall,2022,1,8.29,93.3,Hit
A-1 Pictures,Comedy,3,Manga,Seinen,24,24,Medium,Medium,5.21,4.4,7,Winter,2019,1,8.27,87.5,Hit
Sunrise,Fantasy,2,Light Novel,Josei,13,24,Medium,Medium,5.47,8.0,5,Spring,2016,0,4.99,57.0,Flop
Doga Kobo,Mecha,3,Original,Shounen,13,12,Low,Low,4.05,13.7,8,Fall,2019,0,4.7,61.6,Flop
Trigger,Mecha,2,Original,Shounen,12,24,High,Medium,8.19,0.0,9,Spring,2020,1,10.0,100.0,Hit
A-1 Pictures,Mecha,3,Web Novel,Shoujo,50,24,Medium,High,4.78,6.4,5,Fall,2024,1,9.24,97.3,Hit
Production I.G,Sports,1,Manga,Shounen,12,24,Low,Low,4.9,9.5,4,Spring,2019,0,6.07,71.0,Average
Lerche,Mecha,3,Visual Novel,Seinen,26,12,Medium,Medium,1.21,5.0,8,Summer,2022,1,4.81,53.1,Flop
Bones,Fantasy,2,Manga,Shounen,24,12,Low,Medium,4.4,6.7,7,Summer,2021,0,6.59,95.5,Hit
Kyoto Animation,Sports,2,Manga,Seinen,12,24,High,Medium,6.22,7.0,10,Spring,2021,1,9.4,100.0,Hit
Trigger,Drama,3,Original,Shounen,24,24,Medium,Low,5.1,0.8,7,Summer,2016,0,6.59,53.8,Average
WIT Studio,Psychological,3,Visual Novel,Shounen,25,24,Low,Medium,7.53,13.5,6,Spring,2023,1,8.6,83.8,Hit
J.C.Staff,Isekai,2,Web Novel,Shounen,26,24,Medium,High,6.9,16.5,7,Summer,2019,0,9.08,100.0,Hit
Studio Deen,Horror,1,Manga,Shounen,12,24,Medium,Low,2.4,7.7,3,Winter,2017,0,3.73,6.5,Flop
Pierrot,Adventure,3,Light Novel,Seinen,13,24,High,Medium,3.98,9.2,7,Winter,2018,1,7.8,78.0,Hit
Zero-G,Action,3,Web Novel,Shoujo,26,24,Medium,Low,2.8,3.9,6,Summer,2023,1,3.9,51.5,Flop
ufotable,Supernatural,1,Original,Josei,50,24,Medium,Low,5.52,7.0,6,Summer,2020,0,8.67,76.5,Hit
MAPPA,Romance,1,Original,Josei,24,24,Low,Medium,6.21,9.1,15,Winter,2023,0,9.88,100.0,Hit
Lerche,Psychological,3,Light Novel,Seinen,26,24,High,Medium,2.67,4.9,4,Spring,2021,1,8.37,89.2,Hit
A-1 Pictures,Comedy,3,Web Novel,Seinen,26,12,Low,Medium,4.99,9.7,12,Winter,2017,1,5.31,53.7,Flop
Toei Animation,Psychological,1,Manga,Seinen,12,24,Low,High,2.86,12.3,4,Fall,2021,0,7.36,78.4,Hit
Silver Link,Fantasy,2,Manga,Shounen,12,24,Medium,High,1.19,10.2,6,Winter,2016,1,7.75,75.7,Hit
WIT Studio,Comedy,1,Light Novel,Seinen,24,24,Medium,Low,5.7,7.3,8,Spring,2019,1,7.39,76.7,Hit
A-1 Pictures,Sports,2,Original,Shounen,12,24,High,Low,3.94,12.0,6,Spring,2024,1,10.0,100.0,Hit
Madhouse,Comedy,1,Manga,Seinen,24,12,High,Low,4.19,3.8,11,Winter,2020,1,9.03,100.0,Hit
MAPPA,Adventure,3,Light Novel,Shounen,12,24,High,High,7.09,6.0,6,Fall,2016,0,10.0,98.9,Hit
Trigger,Action,2,Visual Novel,Josei,12,24,High,High,7.38,8.3,7,Summer,2024,1,9.9,100.0,Hit
ufotable,Romance,2,Manga,Seinen,24,24,High,Low,4.68,9.7,6,Winter,2023,1,8.55,87.9,Hit
CloverWorks,Comedy,3,Manga,Seinen,24,24,High,Low,5.38,8.3,4,Fall,2023,1,9.22,100.0,Hit
CloverWorks,Romance,1,Light Novel,Shounen,13,12,Low,Low,4.46,2.9,4,Fall,2024,1,6.38,47.3,Average
ufotable,Supernatural,3,Manga,Shounen,24,12,Low,Low,9.16,0.1,11,Summer,2022,0,10.0,100.0,Hit
Silver Link,Supernatural,3,Manga,Shounen,26,12,Medium,High,5.52,8.3,5,Fall,2024,0,9.29,88.4,Hit
Lerche,Sports,3,Light Novel,Seinen,100,12,Medium,Medium,1.59,2.8,8,Fall,2016,1,5.18,58.8,Flop
Diomedea,Drama,3,Web Novel,Shoujo,12,12,Medium,High,2.51,1.2,3,Summer,2021,1,4.4,56.1,Flop
CloverWorks,Adventure,3,Light Novel,Shounen,24,24,Medium,Medium,7.73,11.8,5,Spring,2023,0,10.0,89.1,Hit
WIT Studio,Romance,2,Manga,Shounen,26,24,Medium,Medium,9.47,6.0,8,Spring,2020,0,10.0,100.0,Hit
Sunrise,Sports,3,Web Novel,Seinen,12,24,Low,Low,5.93,7.3,7,Fall,2022,1,5.82,29.7,Flop
ufotable,Mecha,1,Original,Seinen,26,24,Low,Medium,9.35,7.3,3,Summer,2016,0,9.74,94.8,Hit
Diomedea,Drama,1,Manga,Seinen,12,24,High,High,2.91,11.5,3,Summer,2018,0,6.6,82.8,Hit
Lerche,Comedy,3,Light Novel,Shounen,24,12,Low,Low,2.75,13.4,5,Winter,2015,0,4.26,39.1,Flop
ufotable,Isekai,3,Visual Novel,Shounen,12,24,Medium,Medium,7.8,2.9,20,Winter,2016,0,9.8,98.2,Hit
Trigger,Mystery,2,Manga,Shounen,12,12,High,High,6.13,7.2,14,Fall,2017,0,9.78,96.2,Hit
J.C.Staff,Mecha,1,Manga,Shoujo,13,24,Low,Low,4.63,9.6,5,Spring,2015,0,3.84,51.3,Flop
A-1 Pictures,Drama,1,Manga,Seinen,26,24,Medium,High,6.03,6.8,8,Winter,2023,1,10.0,96.9,Hit
Doga Kobo,Adventure,1,Visual Novel,Shounen,24,24,Medium,Low,5.26,7.0,7,Winter,2018,1,8.42,75.2,Hit
J.C.Staff,Sports,1,Manga,Shoujo,12,24,Low,Medium,4.07,8.1,2,Fall,2023,0,4.53,66.4,Flop
Kyoto Animation,Mecha,3,Original,Seinen,13,24,Medium,Low,6.76,5.3,4,Spring,2024,1,6.18,68.8,Average
Silver Link,Fantasy,1,Light Novel,Seinen,13,24,Low,Medium,2.52,9.8,5,Spring,2024,0,3.35,42.4,Flop
CloverWorks,Sports,2,Original,Shounen,24,12,Low,Low,5.96,4.4,9,Spring,2018,0,6.4,55.5,Average
Doga Kobo,Isekai,1,Original,Seinen,12,12,High,Low,5.18,6.6,3,Fall,2022,0,6.82,90.5,Hit
Madhouse,Horror,3,Manga,Seinen,13,24,Medium,Medium,4.3,8.8,9,Spring,2015,0,7.07,85.0,Hit
Bones,Drama,3,Original,Josei,12,24,High,Low,4.23,14.8,8,Winter,2019,0,9.48,93.7,Hit
WIT Studio,Adventure,3,Manga,Seinen,50,12,Low,Low,3.9,6.7,8,Fall,2016,0,7.16,77.3,Hit
J.C.Staff,Sci-Fi,2,Web Novel,Shounen,13,24,High,Medium,3.24,15.0,4,Winter,2020,0,5.61,47.7,Flop
Zero-G,Comedy,1,Light Novel,Josei,24,12,Low,High,2.72,3.9,8,Winter,2020,1,4.75,22.9,Flop
Toei Animation,Horror,2,Original,Seinen,12,24,Medium,Medium,3.32,10.8,8,Summer,2016,0,8.27,81.9,Hit
CloverWorks,Isekai,1,Light Novel,Shounen,12,24,Medium,Low,5.26,8.5,9,Fall,2018,0,10.0,100.0,Hit
ufotable,Mecha,1,Original,Shounen,100,24,High,Low,3.78,10.2,16,Spring,2023,1,10.0,86.2,Hit
Bones,Romance,3,Manga,Shounen,25,24,Low,Low,3.61,14.9,7,Summer,2017,1,7.21,59.9,Average
Studio Deen,Adventure,2,Manga,Josei,26,24,Low,High,2.22,13.2,4,Fall,2024,1,8.47,88.8,Hit
WIT Studio,Fantasy,1,Manga,Shounen,12,24,High,Low,7.52,0.0,10,Summer,2016,1,10.0,100.0,Hit
Lerche,Drama,3,Light Novel,Shounen,12,24,Low,Medium,4.24,9.5,4,Spring,2024,0,4.02,43.5,Flop
Doga Kobo,Horror,2,Light Novel,Shounen,13,24,Medium,Low,5.78,8.0,5,Fall,2024,1,3.89,47.4,Flop
Production I.G,Adventure,1,Visual Novel,Shounen,24,24,Low,Low,6.57,8.1,8,Fall,2017,1,6.53,58.4,Average
Lerche,Adventure,1,Manga,Shounen,24,24,High,Low,2.28,12.6,5,Fall,2017,1,6.14,64.8,Average
Zero-G,Isekai,2,Light Novel,Josei,13,24,High,Medium,3.47,8.2,8,Winter,2021,0,6.51,60.4,Average
Silver Link,Supernatural,3,Web Novel,Josei,24,24,High,Low,4.25,6.2,3,Winter,2018,0,3.34,60.6,Flop
Silver Link,Romance,3,Manga,Shounen,25,12,High,Medium,6.58,3.5,4,Winter,2023,1,3.82,44.2,Flop
Trigger,Isekai,2,Game,Seinen,50,24,Medium,High,5.71,10.8,8,Summer,2019,0,9.65,87.5,Hit
Madhouse,Romance,1,Visual Novel,Shounen,24,24,Low,Medium,5.53,12.8,2,Fall,2023,0,6.04,60.6,Average
Diomedea,Adventure,3,Manga,Shounen,24,24,Low,Medium,1.06,10.8,4,Fall,2017,1,4.18,63.8,Flop
Studio Deen,Adventure,3,Web Novel,Shounen,25,24,Medium,Low,4.4,0.0,3,Fall,2015,1,2.53,25.6,Flop
CloverWorks,Psychological,2,Game,Seinen,26,12,Low,High,6.99,7.4,6,Spring,2015,1,8.84,81.8,Hit
Bones,Mystery,2,Game,Shoujo,50,24,Low,Low,4.01,16.0,9,Winter,2015,0,7.75,67.1,Hit
Madhouse,Mystery,2,Light Novel,Shoujo,24,24,Low,High,6.11,5.2,10,Spring,2017,0,10.0,98.1,Hit
ufotable,Adventure,3,Manga,Shounen,12,24,High,High,6.51,7.7,13,Winter,2016,1,9.55,100.0,Hit
Studio Deen,Isekai,1,Manga,Seinen,26,24,Low,High,7.04,10.9,5,Fall,2018,0,8.68,73.3,Hit
Studio Deen,Adventure,2,Original,Shounen,100,24,Low,Low,1.54,9.8,6,Fall,2022,0,6.32,62.5,Average
Pierrot,Supernatural,1,Light Novel,Seinen,25,24,Low,Medium,5.29,9.7,3,Winter,2020,1,7.88,81.8,Hit
Toei Animation,Sci-Fi,3,Manga,Shounen,12,12,Medium,Low,4.91,10.5,8,Spring,2022,1,8.24,68.9,Hit
Madhouse,Sci-Fi,3,Light Novel,Shounen,24,24,Low,Low,8.35,6.1,5,Spring,2024,1,5.35,56.2,Flop
Lerche,Isekai,2,Manga,Shounen,12,24,High,Low,5.57,7.7,3,Winter,2020,1,5.59,81.6,Average
Studio Deen,Supernatural,1,Light Novel,Shounen,13,24,Low,Medium,5.55,5.0,7,Fall,2018,0,4.77,58.3,Flop
Zero-G,Drama,2,Light Novel,Shounen,12,24,Low,Medium,5.89,7.2,2,Summer,2016,0,3.76,61.5,Flop
Silver Link,Mecha,1,Web Novel,Shoujo,13,24,Low,Low,4.06,10.6,5,Fall,2023,0,5.8,60.5,Average
A-1 Pictures,Slice of Life,2,Web Novel,Shounen,12,24,Low,Medium,4.74,10.3,10,Spring,2019,0,5.31,50.2,Flop
Diomedea,Action,2,Light Novel,Shounen,26,24,Medium,Medium,3.78,8.4,4,Fall,2024,1,5.07,53.2,Flop
A-1 Pictures,Horror,1,Web Novel,Seinen,26,12,High,Medium,4.35,7.8,10,Summer,2017,1,9.66,73.2,Hit
Trigger,Mecha,1,Manga,Seinen,26,24,Medium,Medium,6.85,7.7,5,Summer,2018,1,9.42,87.7,Hit
Sunrise,Mystery,3,Light Novel,Shoujo,24,24,Low,Medium,6.81,1.3,6,Winter,2017,1,7.42,67.5,Average
Silver Link,Romance,2,Light Novel,Shounen,26,24,Low,Low,6.23,8.7,6,Winter,2018,1,5.95,47.4,Flop
Sunrise,Horror,1,Manga,Seinen,25,24,Low,Medium,4.22,10.8,7,Fall,2021,1,7.88,76.2,Hit
Studio Deen,Psychological,1,Manga,Seinen,25,24,Medium,Medium,4.21,7.8,4,Winter,2017,1,7.74,72.8,Hit
Doga Kobo,Sci-Fi,3,Game,Shounen,12,24,Medium,Medium,5.82,7.3,8,Summer,2018,1,7.53,77.2,Hit
Trigger,Horror,2,Manga,Shounen,12,24,Low,Low,5.98,7.6,5,Fall,2016,1,6.41,59.2,Average
Silver Link,Slice of Life,2,Light Novel,Seinen,13,24,Medium,Low,3.69,2.2,3,Fall,2023,1,6.13,47.2,Average
Pierrot,Adventure,2,Original,Shounen,13,24,Medium,Low,5.87,6.3,6,Fall,2015,1,5.93,50.7,Average
Zero-G,Sports,3,Manga,Josei,25,24,Low,High,3.64,8.5,6,Winter,2017,0,5.6,42.6,Flop
WIT Studio,Sports,1,Web Novel,Shounen,12,24,High,Medium,8.17,11.8,8,Fall,2021,0,7.84,75.6,Hit
ufotable,Slice of Life,1,Web Novel,Shounen,12,24,Low,Low,4.76,8.8,7,Fall,2021,1,4.9,65.5,Average
Silver Link,Drama,1,Manga,Seinen,50,12,Medium,Medium,3.14,8.9,2,Spring,2017,1,6.03,48.2,Average
Zero-G,Sci-Fi,2,Light Novel,Shoujo,12,24,Medium,High,3.56,13.2,7,Fall,2015,1,7.68,85.4,Hit
Pierrot,Mystery,2,Original,Shounen,24,24,High,High,5.28,10.1,7,Fall,2023,1,10.0,94.9,Hit
Silver Link,Action,1,Light Novel,Shoujo,26,24,Low,Low,6.57,9.9,2,Fall,2017,0,4.16,42.9,Flop
Trigger,Action,1,Original,Seinen,100,24,Medium,Medium,6.76,9.1,3,Summer,2023,0,8.3,82.2,Hit
A-1 Pictures,Psychological,2,Original,Shounen,12,24,Medium,Low,6.57,11.5,12,Summer,2023,0,8.82,96.2,Hit
WIT Studio,Fantasy,3,Manga,Seinen,24,24,Low,Low,6.66,8.6,6,Winter,2024,1,8.0,84.6,Hit
Lerche,Romance,2,Web Novel,Seinen,100,24,Medium,High,4.18,9.3,7,Winter,2022,0,4.98,57.2,Flop
Silver Link,Mystery,3,Original,Shoujo,13,12,High,Low,4.41,9.3,5,Fall,2021,0,7.01,61.7,Average
Studio Deen,Psychological,2,Light Novel,Seinen,26,24,High,Low,4.53,0.0,4,Winter,2020,0,4.87,69.5,Average
Studio Deen,Slice of Life,3,Light Novel,Shounen,12,12,Medium,Low,2.68,7.1,9,Summer,2016,0,5.57,39.0,Flop
Toei Animation,Comedy,1,Game,Shounen,24,24,Medium,Medium,4.89,7.0,6,Spring,2017,1,5.07,47.5,Flop
Trigger,Adventure,3,Light Novel,Josei,24,24,Medium,Medium,5.99,14.4,9,Fall,2021,1,10.0,68.6,Hit
ufotable,Romance,1,Manga,Shounen,12,24,High,Low,5.84,7.6,6,Summer,2016,1,9.0,100.0,Hit
Lerche,Isekai,2,Manga,Shounen,50,24,Medium,Low,4.28,2.6,5,Winter,2017,0,6.53,61.7,Average
MAPPA,Mecha,3,Visual Novel,Shounen,13,24,Medium,Medium,6.24,8.0,9,Fall,2024,1,9.16,100.0,Hit
Trigger,Sci-Fi,3,Manga,Shounen,26,24,Medium,High,8.03,5.5,6,Summer,2015,0,9.37,100.0,Hit
MAPPA,Psychological,1,Light Novel,Shounen,12,24,Low,Medium,6.75,5.7,9,Fall,2024,1,7.45,80.6,Hit
CloverWorks,Supernatural,1,Manga,Seinen,13,12,Medium,Low,3.99,8.7,7,Summer,2020,1,6.2,51.5,Average
Kyoto Animation,Comedy,1,Web Novel,Seinen,12,24,Medium,Medium,6.79,11.5,9,Summer,2018,1,9.46,100.0,Hit
Studio Deen,Psychological,1,Manga,Seinen,12,24,Low,High,4.8,11.8,4,Summer,2015,1,5.43,63.6,Average
ufotable,Mecha,3,Visual Novel,Shoujo,24,24,High,Medium,6.43,4.8,8,Summer,2020,1,9.73,75.5,Hit
Production I.G,Supernatural,3,Game,Seinen,50,24,Low,Low,5.65,13.9,15,Fall,2016,0,6.95,62.4,Average
Madhouse,Romance,2,Original,Seinen,12,24,Low,Low,6.67,5.3,2,Fall,2022,0,7.37,84.9,Hit
Doga Kobo,Supernatural,1,Light Novel,Shounen,13,24,Low,Low,4.0,10.1,8,Winter,2020,0,5.82,41.5,Flop
Silver Link,Adventure,3,Light Novel,Shounen,12,24,Medium,Low,5.53,7.4,5,Summer,2019,0,3.16,46.9,Flop
Trigger,Slice of Life,3,Game,Seinen,12,24,High,Low,6.88,8.0,7,Fall,2015,0,10.0,71.4,Hit
WIT Studio,Horror,1,Original,Seinen,26,12,Low,Low,4.78,6.3,5,Spring,2023,0,7.99,80.2,Hit
Bones,Fantasy,2,Light Novel,Seinen,12,24,Medium,Low,10.0,5.6,9,Summer,2018,1,7.23,59.4,Average
Zero-G,Sports,1,Web Novel,Seinen,25,24,High,Medium,5.0,7.4,5,Winter,2015,0,5.52,89.7,Average
Silver Link,Sci-Fi,1,Light Novel,Josei,50,24,High,Medium,2.81,16.5,1,Winter,2019,0,3.31,31.4,Flop
Toei Animation,Sci-Fi,1,Original,Shoujo,24,12,Low,Medium,5.94,4.1,5,Spring,2017,0,7.04,66.3,Average
J.C.Staff,Sports,2,Web Novel,Shounen,25,24,Medium,Medium,5.36,11.3,5,Fall,2015,1,6.75,57.2,Average
A-1 Pictures,Romance,2,Original,Shounen,12,12,Medium,High,5.13,14.1,10,Summer,2015,1,10.0,93.0,Hit
Studio Deen,Sci-Fi,3,Light Novel,Shounen,12,24,Medium,High,3.55,6.5,6,Fall,2021,1,7.14,86.1,Hit
CloverWorks,Supernatural,2,Web Novel,Shounen,12,24,High,Medium,4.85,13.0,7,Summer,2018,0,8.39,69.6,Hit
Studio Deen,Drama,1,Web Novel,Seinen,24,24,Medium,Medium,5.5,3.7,4,Winter,2022,0,5.55,67.7,Average
Silver Link,Fantasy,2,Manga,Josei,12,24,Low,High,6.51,0.2,5,Fall,2020,1,4.39,28.8,Flop
Trigger,Fantasy,2,Web Novel,Shoujo,12,24,Medium,Medium,5.08,10.2,5,Winter,2018,1,9.08,88.9,Hit
Pierrot,Sci-Fi,1,Web Novel,Shounen,12,24,Low,Low,5.28,10.8,6,Summer,2019,1,3.47,32.9,Flop
ufotable,Mecha,3,Light Novel,Shounen,12,24,High,Low,8.55,4.7,4,Summer,2019,1,7.93,63.2,Hit
J.C.Staff,Horror,3,Original,Shounen,26,24,High,Medium,7.68,12.1,5,Winter,2016,1,8.65,100.0,Hit
Sunrise,Drama,2,Visual Novel,Seinen,13,24,Low,High,6.28,13.0,10,Winter,2018,0,9.5,100.0,Hit
Kyoto Animation,Adventure,1,Web Novel,Shoujo,12,24,High,Low,6.22,4.3,8,Spring,2019,0,9.11,100.0,Hit
Pierrot,Slice of Life,3,Visual Novel,Shounen,12,12,Medium,Medium,4.06,7.5,3,Fall,2024,1,7.33,83.6,Hit
Diomedea,Isekai,1,Manga,Seinen,13,24,Low,Medium,4.33,2.8,9,Spring,2022,0,6.15,65.3,Average
Madhouse,Supernatural,3,Light Novel,Seinen,24,24,High,Low,4.0,5.8,5,Spring,2018,1,7.31,71.6,Hit
Pierrot,Supernatural,3,Light Novel,Josei,100,24,Low,High,4.38,0.0,5,Spring,2020,1,6.44,41.3,Average
MAPPA,Adventure,1,Manga,Shounen,24,24,Low,Low,6.14,5.3,12,Summer,2015,0,8.22,98.1,Hit
Silver Link,Drama,3,Manga,Seinen,24,24,Low,Low,4.45,12.6,3,Spring,2023,0,3.57,25.3,Flop
CloverWorks,Drama,2,Light Novel,Seinen,12,12,High,Low,4.26,15.6,8,Fall,2015,0,8.71,85.3,Hit
MAPPA,Romance,2,Web Novel,Seinen,26,24,High,Low,6.93,9.9,7,Fall,2017,1,8.89,99.3,Hit
Doga Kobo,Romance,2,Manga,Josei,100,24,High,Low,3.84,8.3,5,Spring,2015,0,8.92,79.1,Hit
Toei Animation,Comedy,1,Manga,Shoujo,12,24,Medium,Medium,4.33,6.6,5,Fall,2018,0,6.26,66.4,Average
Pierrot,Slice of Life,2,Web Novel,Seinen,12,24,Low,High,5.9,12.9,8,Summer,2015,1,6.64,49.8,Average
ufotable,Isekai,3,Manga,Shounen,12,24,Low,Low,6.36,6.7,7,Fall,2019,1,9.53,100.0,Hit
J.C.Staff,Action,3,Web Novel,Shounen,50,24,High,Medium,2.79,9.2,2,Summer,2015,0,7.12,74.7,Hit
Doga Kobo,Sci-Fi,3,Original,Shounen,24,24,Medium,Medium,6.54,13.3,4,Winter,2023,0,8.22,87.5,Hit
Kyoto Animation,Isekai,1,Light Novel,Seinen,26,24,High,Low,3.82,2.9,6,Spring,2018,1,9.46,100.0,Hit
ufotable,Supernatural,3,Light Novel,Shounen,24,24,Medium,Low,5.64,9.8,8,Fall,2017,1,9.46,100.0,Hit
Toei Animation,Drama,1,Web Novel,Shoujo,12,12,High,Medium,4.55,6.8,7,Spring,2018,0,9.14,82.4,Hit
Diomedea,Drama,3,Manga,Shounen,12,24,Medium,Low,5.06,3.3,3,Fall,2017,1,2.25,36.7,Flop
Madhouse,Supernatural,1,Original,Josei,24,24,Medium,Low,7.61,5.7,3,Spring,2018,1,8.87,90.6,Hit
Production I.G,Horror,2,Manga,Josei,24,24,High,Medium,3.61,11.6,8,Summer,2022,0,9.27,91.9,Hit
Sunrise,Mecha,3,Original,Shounen,24,24,Medium,Low,5.76,7.6,13,Winter,2018,0,6.45,93.0,Hit
Production I.G,Isekai,1,Light Novel,Shoujo,12,24,High,Low,6.89,4.1,2,Winter,2019,0,9.08,87.6,Hit
Toei Animation,Romance,1,Web Novel,Shoujo,12,24,High,Low,5.23,0.5,6,Spring,2020,0,6.41,56.5,Average
Toei Animation,Psychological,1,Light Novel,Shoujo,24,24,Medium,Low,1.0,13.7,3,Winter,2017,0,7.25,69.8,Average
Studio Deen,Sports,2,Light Novel,Shoujo,13,12,High,Low,3.83,14.8,10,Summer,2022,1,7.5,69.4,Hit
Kyoto Animation,Slice of Life,1,Game,Shoujo,25,24,Low,Low,7.67,0.0,6,Summer,2022,1,7.69,62.3,Average
Madhouse,Slice of Life,1,Web Novel,Seinen,50,24,Medium,Low,5.78,5.8,13,Fall,2017,0,8.91,88.8,Hit
Madhouse,Isekai,3,Original,Shounen,12,24,Low,Medium,6.99,0.0,5,Fall,2020,0,8.62,100.0,Hit
CloverWorks,Drama,3,Light Novel,Seinen,12,24,Low,Medium,7.45,10.8,7,Winter,2018,0,6.74,53.0,Average
Kyoto Animation,Action,2,Manga,Seinen,24,24,Low,Medium,6.23,5.2,12,Spring,2017,0,8.66,100.0,Hit
Diomedea,Slice of Life,2,Light Novel,Josei,12,24,High,Low,2.08,8.9,2,Summer,2018,0,7.31,73.2,Hit
ufotable,Mystery,2,Manga,Shounen,12,24,Low,Medium,7.12,3.7,11,Winter,2019,0,8.91,100.0,Hit
Sunrise,Mystery,2,Manga,Shoujo,12,24,Low,Medium,6.62,4.7,7,Winter,2018,1,5.25,42.4,Flop
Doga Kobo,Comedy,3,Light Novel,Seinen,12,24,Medium,Low,4.57,2.6,5,Spring,2016,0,1.09,40.3,Flop
Toei Animation,Drama,2,Manga,Seinen,13,12,Medium,Low,5.04,7.2,4,Fall,2020,1,6.99,65.9,Average
Diomedea,Comedy,2,Light Novel,Seinen,13,24,High,Low,2.38,9.2,2,Spring,2015,0,5.28,53.8,Flop
Madhouse,Sports,2,Manga,Seinen,50,24,Medium,Medium,3.57,1.5,8,Summer,2018,1,9.85,96.1,Hit
Silver Link,Psychological,2,Web Novel,Seinen,12,24,Medium,Low,4.9,3.7,6,Spring,2022,0,5.2,69.7,Average
Toei Animation,Sports,3,Original,Shounen,24,24,Low,Low,4.83,11.4,5,Spring,2016,1,8.18,66.7,Hit
Madhouse,Sports,2,Manga,Shounen,26,12,High,High,4.74,18.6,6,Spring,2021,0,10.0,98.6,Hit
MAPPA,Mystery,1,Web Novel,Seinen,12,24,Medium,Low,3.42,3.3,10,Summer,2021,1,5.77,92.9,Average
Sunrise,Action,2,Light Novel,Seinen,26,24,Medium,High,5.7,11.0,6,Fall,2016,1,7.12,87.7,Hit
Lerche,Sports,1,Manga,Seinen,12,24,Medium,Medium,3.53,5.1,3,Summer,2020,0,4.49,71.7,Average
Studio Deen,Fantasy,2,Manga,Seinen,12,24,High,High,5.47,16.6,6,Summer,2022,1,7.17,70.9,Average
Studio Deen,Romance,2,Light Novel,Shounen,24,24,Medium,Low,4.88,8.9,2,Fall,2017,0,3.08,18.7,Flop
WIT Studio,Drama,3,Manga,Shounen,12,12,High,Low,2.96,4.1,8,Spring,2023,0,9.31,93.1,Hit
CloverWorks,Supernatural,1,Light Novel,Shounen,12,24,Low,Low,5.43,17.5,8,Winter,2017,0,8.36,98.2,Hit
A-1 Pictures,Horror,3,Manga,Josei,13,24,Low,Low,4.13,8.1,7,Spring,2015,1,6.54,70.1,Average
WIT Studio,Mystery,1,Web Novel,Shoujo,26,24,Medium,Medium,7.46,10.5,2,Fall,2017,1,9.82,100.0,Hit
MAPPA,Slice of Life,1,Web Novel,Shounen,100,24,Medium,High,7.07,10.9,6,Winter,2020,0,9.19,89.0,Hit
Silver Link,Adventure,1,Light Novel,Shounen,12,24,High,Low,3.94,5.9,1,Winter,2020,1,5.53,41.3,Flop
Pierrot,Sci-Fi,2,Manga,Shoujo,13,24,Medium,High,2.19,8.1,3,Winter,2015,0,6.69,68.7,Average
Toei Animation,Sports,1,Original,Shoujo,12,24,High,Low,5.81,6.4,4,Summer,2023,0,7.24,69.2,Average
Pierrot,Mecha,2,Manga,Seinen,12,24,High,High,6.45,5.0,3,Summer,2015,0,7.76,75.2,Hit
CloverWorks,Fantasy,1,Manga,Josei,50,24,High,Low,4.48,13.0,5,Summer,2017,1,9.09,100.0,Hit
Madhouse,Comedy,1,Web Novel,Shounen,12,24,High,Medium,6.79,3.9,5,Fall,2020,0,8.86,100.0,Hit
WIT Studio,Supernatural,3,Manga,Shounen,12,24,High,High,6.17,16.3,9,Spring,2022,0,9.8,100.0,Hit
Doga Kobo,Sports,2,Original,Shounen,12,24,High,Low,1.6,2.9,9,Spring,2021,1,5.55,48.6,Flop
CloverWorks,Mystery,2,Light Novel,Shounen,12,24,Low,Medium,5.58,10.0,10,Spring,2016,0,6.78,84.2,Hit
J.C.Staff,Slice of Life,2,Manga,Shoujo,24,24,Low,Low,6.21,10.3,7,Spring,2020,0,7.58,95.6,Hit
J.C.Staff,Mecha,2,Original,Seinen,50,24,Medium,Medium,1.95,3.9,7,Summer,2018,0,6.91,96.0,Hit
CloverWorks,Fantasy,3,Visual Novel,Seinen,26,24,Medium,Medium,5.41,3.0,2,Winter,2015,1,7.0,87.4,Hit
WIT Studio,Romance,2,Light Novel,Shoujo,12,24,Medium,Medium,5.53,2.7,4,Spring,2021,0,6.75,47.7,Average
Sunrise,Isekai,3,Manga,Seinen,13,12,Medium,Low,5.06,9.2,4,Spring,2016,1,7.6,77.8,Hit
Bones,Slice of Life,2,Original,Shounen,13,24,High,Low,5.54,13.4,7,Spring,2024,0,9.99,92.1,Hit
Studio Deen,Drama,3,Original,Seinen,26,24,Medium,Low,7.53,8.1,4,Fall,2021,0,6.7,72.9,Average
Lerche,Horror,2,Original,Shounen,100,24,High,Medium,4.11,10.2,5,Fall,2016,0,9.75,95.1,Hit
Trigger,Slice of Life,3,Web Novel,Seinen,25,24,High,Low,5.26,10.3,6,Summer,2020,1,7.8,87.6,Hit
A-1 Pictures,Sports,2,Light Novel,Shounen,13,24,Low,Low,7.14,9.8,7,Fall,2017,1,6.44,72.1,Average
Bones,Isekai,1,Web Novel,Shounen,13,24,Medium,High,7.5,1.0,9,Summer,2020,1,9.68,96.0,Hit
CloverWorks,Sports,3,Manga,Shounen,100,24,High,Medium,4.8,4.3,9,Summer,2022,1,7.65,93.8,Hit
WIT Studio,Supernatural,3,Manga,Shoujo,12,24,Low,Medium,6.38,6.3,6,Winter,2023,0,7.15,58.7,Average
WIT Studio,Romance,2,Original,Shounen,12,24,Low,Medium,4.8,3.2,10,Fall,2023,1,8.09,82.4,Hit
ufotable,Sports,3,Web Novel,Shounen,12,12,Low,Medium,6.76,9.1,11,Summer,2022,0,8.85,92.1,Hit
Pierrot,Psychological,1,Light Novel,Shoujo,12,12,Medium,Low,2.72,6.2,6,Summer,2017,0,4.26,55.6,Flop
WIT Studio,Adventure,3,Original,Shounen,100,24,Medium,Low,6.64,6.6,9,Spring,2023,0,8.26,79.4,Hit
Lerche,Mystery,3,Original,Shounen,12,24,Medium,High,3.87,9.8,4,Spring,2016,1,7.41,68.9,Hit
Pierrot,Sci-Fi,2,Web Novel,Shounen,12,12,Low,High,6.74,8.3,6,Summer,2020,0,6.18,54.6,Average
WIT Studio,Comedy,3,Original,Shounen,12,24,Medium,Medium,6.52,5.2,16,Summer,2021,1,9.97,87.8,Hit
Zero-G,Sports,3,Manga,Shoujo,12,24,Low,Medium,1.75,0.0,2,Spring,2017,1,4.77,28.3,Flop
Production I.G,Horror,2,Game,Shounen,13,24,Low,Low,4.62,9.7,8,Fall,2016,1,7.72,69.5,Hit
Trigger,Supernatural,3,Web Novel,Josei,13,24,Medium,Low,3.15,1.7,4,Winter,2024,1,5.04,67.3,Average
WIT Studio,Mecha,3,Game,Shounen,12,24,Low,Medium,6.93,11.5,6,Summer,2015,0,8.26,56.0,Average
Madhouse,Drama,3,Visual Novel,Shounen,24,24,Low,Medium,5.62,3.1,8,Fall,2018,0,8.95,97.0,Hit
ufotable,Comedy,2,Light Novel,Shounen,50,24,Medium,Medium,5.13,1.1,5,Fall,2024,1,10.0,96.1,Hit
Zero-G,Mecha,2,Web Novel,Josei,100,24,Low,High,4.65,7.6,7,Winter,2022,0,5.01,58.1,Flop
Diomedea,Slice of Life,1,Light Novel,Shoujo,12,24,High,Low,4.63,15.3,2,Spring,2022,1,3.89,50.5,Flop
Doga Kobo,Psychological,1,Manga,Shounen,12,12,Low,Medium,3.04,13.5,6,Winter,2019,0,7.38,84.9,Hit
Studio Deen,Isekai,1,Visual Novel,Seinen,12,24,Low,Low,5.44,15.3,4,Winter,2020,0,4.56,45.3,Flop
Doga Kobo,Drama,3,Web Novel,Seinen,13,24,High,High,6.76,8.2,7,Summer,2021,0,9.01,82.8,Hit
A-1 Pictures,Sports,3,Original,Seinen,12,12,Low,Medium,4.54,8.9,5,Summer,2023,1,8.81,100.0,Hit
CloverWorks,Slice of Life,2,Manga,Shounen,25,12,High,Low,7.07,9.3,13,Spring,2015,0,9.39,90.3,Hit
Trigger,Sports,1,Light Novel,Shounen,12,24,Low,Medium,5.28,11.2,6,Spring,2021,1,6.37,67.9,Average
Sunrise,Isekai,3,Light Novel,Shounen,24,24,Low,Medium,5.53,14.4,3,Fall,2024,0,2.49,45.5,Flop
WIT Studio,Drama,2,Light Novel,Josei,12,24,Low,Low,5.44,7.7,6,Winter,2017,1,8.07,76.7,Hit
Studio Deen,Supernatural,2,Manga,Shounen,13,24,Low,Low,4.71,11.9,5,Fall,2021,1,5.6,56.1,Average
J.C.Staff,Mystery,1,Original,Seinen,12,24,Medium,Medium,3.43,12.0,3,Winter,2015,0,1.82,34.3,Flop
Studio Deen,Sports,1,Web Novel,Seinen,24,24,Low,High,5.38,15.1,5,Spring,2024,0,5.55,67.5,Average
WIT Studio,Mystery,1,Light Novel,Shounen,100,24,Medium,High,6.11,7.9,5,Spring,2015,0,9.77,100.0,Hit
Madhouse,Supernatural,3,Manga,Shounen,50,24,High,High,6.13,4.2,12,Fall,2023,1,10.0,100.0,Hit
Studio Deen,Psychological,3,Manga,Shounen,100,12,Medium,High,4.78,12.8,4,Spring,2023,1,9.48,100.0,Hit
Silver Link,Sports,3,Light Novel,Seinen,12,24,Low,Medium,4.86,2.7,3,Summer,2022,1,6.35,47.7,Average
Pierrot,Isekai,1,Light Novel,Seinen,24,24,Medium,Low,5.21,5.3,2,Winter,2015,0,7.67,71.3,Hit
Madhouse,Slice of Life,1,Web Novel,Shounen,13,24,Low,Medium,4.71,0.8,8,Spring,2018,0,8.0,72.8,Hit
Diomedea,Horror,3,Light Novel,Shounen,13,24,Low,Medium,5.46,7.5,1,Winter,2019,1,5.56,86.3,Average
Trigger,Mystery,1,Manga,Seinen,12,24,Medium,Medium,6.09,5.6,10,Fall,2020,0,10.0,100.0,Hit
Sunrise,Sci-Fi,3,Manga,Seinen,26,24,Medium,Medium,6.64,7.7,4,Spring,2023,0,6.16,64.9,Average
Diomedea,Fantasy,1,Visual Novel,Josei,12,24,Low,Medium,4.32,7.4,2,Summer,2017,0,4.52,47.5,Flop
Bones,Psychological,2,Original,Shounen,12,24,Medium,Medium,7.22,10.5,9,Fall,2017,0,10.0,96.0,Hit
CloverWorks,Adventure,2,Manga,Shounen,50,24,High,Low,5.42,9.8,6,Fall,2016,0,9.0,85.4,Hit
Kyoto Animation,Action,2,Light Novel,Shounen,26,24,High,High,4.47,9.1,8,Winter,2021,1,9.99,87.0,Hit
MAPPA,Adventure,1,Game,Shounen,24,24,Low,High,9.03,5.7,8,Spring,2016,0,7.62,86.3,Hit
J.C.Staff,Horror,3,Manga,Shounen,12,24,High,Low,6.88,10.9,4,Summer,2021,0,8.13,100.0,Hit
Studio Deen,Drama,3,Web Novel,Shounen,25,24,High,Low,5.2,3.9,3,Spring,2024,0,6.91,72.0,Average
Pierrot,Drama,3,Manga,Seinen,26,24,Medium,Low,8.38,9.7,4,Summer,2024,0,6.98,56.6,Average
Studio Deen,Sci-Fi,1,Game,Shounen,50,24,High,High,3.82,15.7,3,Summer,2017,0,7.24,37.6,Average
Trigger,Horror,2,Original,Shounen,12,12,High,High,2.53,8.5,7,Winter,2022,0,6.65,89.6,Hit
CloverWorks,Fantasy,3,Manga,Seinen,12,24,High,Medium,3.77,0.0,5,Fall,2017,1,8.21,91.1,Hit
MAPPA,Adventure,3,Light Novel,Shounen,12,12,Medium,Low,5.53,14.6,10,Fall,2020,1,6.41,69.7,Average
Toei Animation,Adventure,1,Manga,Seinen,12,12,High,Medium,3.89,7.5,8,Spring,2020,0,8.05,100.0,Hit
A-1 Pictures,Action,3,Manga,Shounen,50,24,Low,Medium,5.21,9.9,6,Spring,2022,0,9.18,88.0,Hit
Studio Deen,Sci-Fi,1,Web Novel,Shounen,12,24,High,Low,4.66,13.1,6,Summer,2024,1,4.61,40.5,Flop
Studio Deen,Sports,2,Original,Shounen,25,12,Medium,High,3.7,8.0,9,Spring,2018,0,8.9,77.3,Hit
Trigger,Isekai,3,Light Novel,Josei,50,12,Low,Low,4.69,5.7,10,Winter,2017,1,7.73,62.9,Average
Production I.G,Action,2,Visual Novel,Seinen,12,12,Medium,Medium,6.5,16.7,8,Spring,2015,0,7.75,51.8,Average
Pierrot,Mecha,1,Manga,Shounen,25,24,Low,High,5.86,8.8,5,Winter,2019,0,8.75,81.0,Hit
A-1 Pictures,Sci-Fi,2,Visual Novel,Josei,12,12,Medium,Medium,6.11,9.8,8,Fall,2017,1,6.83,49.3,Average
Kyoto Animation,Supernatural,2,Original,Seinen,24,24,Medium,Low,5.89,8.4,9,Summer,2015,0,10.0,85.8,Hit
Silver Link,Psychological,2,Original,Seinen,12,24,Medium,Low,2.69,6.0,9,Spring,2018,1,5.98,55.2,Average
Lerche,Sci-Fi,2,Manga,Seinen,24,24,Medium,Low,3.24,3.8,7,Summer,2022,1,5.32,48.0,Flop
Diomedea,Horror,2,Original,Seinen,13,24,High,Medium,5.3,6.8,1,Summer,2020,1,4.28,57.3,Flop
Lerche,Adventure,1,Game,Seinen,24,24,High,Low,7.58,12.9,5,Fall,2015,0,7.87,68.2,Hit
Lerche,Fantasy,1,Light Novel,Shounen,24,24,Medium,Medium,3.99,8.4,4,Winter,2022,1,4.09,42.7,Flop
Zero-G,Action,2,Light Novel,Shounen,12,24,Medium,High,4.34,1.4,6,Fall,2024,0,5.46,62.8,Average
CloverWorks,Horror,2,Manga,Shounen,26,12,Medium,Medium,6.06,9.5,3,Summer,2015,1,9.67,83.1,Hit
Zero-G,Supernatural,3,Light Novel,Shounen,26,24,Medium,Low,6.16,14.5,7,Fall,2020,0,5.18,54.2,Flop
Trigger,Isekai,2,Original,Shounen,25,12,Low,Low,6.62,7.7,8,Winter,2022,1,9.57,60.1,Hit
Doga Kobo,Sci-Fi,2,Light Novel,Shounen,13,24,Medium,Medium,3.25,8.9,4,Spring,2022,0,4.84,44.0,Flop
Trigger,Horror,2,Game,Shounen,24,24,High,Low,6.03,9.4,9,Winter,2023,1,7.3,71.2,Hit
Silver Link,Psychological,2,Visual Novel,Josei,12,24,Medium,Medium,3.48,2.5,6,Winter,2018,1,5.8,46.5,Flop
Pierrot,Adventure,2,Original,Shoujo,12,24,Low,Low,5.53,7.2,3,Fall,2019,1,4.7,35.0,Flop
Diomedea,Mecha,1,Manga,Shounen,24,24,Medium,Medium,2.22,5.8,5,Summer,2022,0,3.99,29.6,Flop
Pierrot,Fantasy,3,Web Novel,Shounen,26,24,High,High,5.26,7.4,4,Summer,2016,0,7.06,85.8,Hit
Diomedea,Sci-Fi,3,Light Novel,Shoujo,12,12,High,Medium,2.75,6.2,7,Winter,2024,0,6.05,49.8,Average
Trigger,Drama,3,Manga,Shounen,24,12,High,Low,6.92,6.5,4,Winter,2017,1,8.62,74.1,Hit
Toei Animation,Sci-Fi,3,Web Novel,Shounen,13,24,Medium,Low,4.5,9.7,7,Summer,2015,1,8.1,90.9,Hit
Production I.G,Horror,3,Web Novel,Shoujo,13,24,Medium,High,6.63,13.4,7,Fall,2022,1,10.0,98.3,Hit
J.C.Staff,Fantasy,2,Manga,Seinen,24,24,High,Medium,5.1,14.9,4,Fall,2018,0,8.24,67.3,Hit
Diomedea,Sports,3,Web Novel,Seinen,26,24,High,Low,4.65,15.6,9,Winter,2020,1,5.12,18.8,Flop
Silver Link,Sports,1,Manga,Shounen,13,24,Low,Low,2.05,5.4,4,Fall,2020,1,5.04,28.1,Flop
Toei Animation,Comedy,2,Original,Josei,26,24,Low,High,5.85,4.4,5,Winter,2019,0,7.04,75.1,Hit
ufotable,Supernatural,3,Manga,Seinen,12,24,High,Medium,9.08,13.5,7,Summer,2018,0,9.59,100.0,Hit
Lerche,Horror,2,Manga,Seinen,100,24,Medium,Low,2.67,17.0,7,Summer,2021,0,4.92,45.7,Flop
Production I.G,Psychological,1,Light Novel,Shoujo,24,12,High,Medium,5.29,6.7,8,Spring,2020,0,8.29,62.7,Hit
Studio Deen,Comedy,1,Light Novel,Shounen,13,12,Medium,Low,4.37,16.8,4,Summer,2023,1,4.77,92.3,Average
Sunrise,Mystery,1,Light Novel,Josei,12,24,Low,Low,7.29,13.9,8,Spring,2016,1,8.22,78.3,Hit
Bones,Sci-Fi,2,Visual Novel,Josei,50,24,High,High,4.51,4.3,8,Summer,2021,0,9.49,97.6,Hit
MAPPA,Isekai,2,Web Novel,Josei,24,24,High,Low,6.43,5.9,6,Spring,2024,0,10.0,84.9,Hit
Diomedea,Supernatural,1,Manga,Shounen,12,24,Medium,Low,3.89,7.9,3,Winter,2016,0,5.34,31.1,Flop
Lerche,Adventure,2,Original,Seinen,26,12,High,Low,3.14,7.0,3,Winter,2023,1,6.41,94.2,Hit
Madhouse,Horror,2,Manga,Seinen,24,24,High,Low,1.91,2.1,10,Winter,2018,1,10.0,100.0,Hit
Production I.G,Mecha,3,Visual Novel,Shounen,24,24,Medium,Low,5.98,9.9,8,Fall,2016,0,10.0,86.4,Hit
Zero-G,Psychological,2,Visual Novel,Shounen,12,24,High,Low,3.29,8.0,3,Fall,2018,1,3.86,35.0,Flop
Silver Link,Psychological,1,Manga,Shounen,26,24,Low,Low,3.96,13.7,5,Fall,2020,0,5.62,35.0,Flop
Production I.G,Slice of Life,3,Light Novel,Shounen,13,24,Low,Low,6.04,5.3,10,Winter,2024,0,6.03,57.7,Average
Silver Link,Action,2,Manga,Shounen,12,12,Low,Medium,2.23,7.9,5,Fall,2016,0,6.45,70.2,Average
A-1 Pictures,Isekai,1,Manga,Shoujo,26,24,Low,Medium,4.68,8.0,8,Spring,2016,0,7.56,70.3,Hit
Kyoto Animation,Mecha,3,Manga,Shounen,12,24,Medium,Low,5.26,6.2,9,Fall,2022,0,9.91,100.0,Hit
Production I.G,Horror,1,Manga,Shounen,13,24,Medium,Medium,4.79,7.8,5,Fall,2019,0,6.66,68.5,Average
J.C.Staff,Isekai,3,Light Novel,Shounen,100,24,Medium,High,3.31,14.8,7,Spring,2021,0,7.82,48.8,Average
Toei Animation,Comedy,2,Original,Seinen,25,24,Low,Medium,1.44,8.1,11,Fall,2017,0,8.55,93.9,Hit
Toei Animation,Comedy,3,Manga,Seinen,12,24,Low,High,7.44,0.0,8,Fall,2024,0,8.43,72.9,Hit
Doga Kobo,Drama,3,Original,Seinen,13,24,Low,High,5.87,1.3,5,Summer,2018,0,6.77,73.3,Average
Doga Kobo,Adventure,1,Manga,Shounen,12,24,Medium,Low,4.64,9.7,9,Fall,2016,0,3.96,33.0,Flop
WIT Studio,Mecha,3,Light Novel,Shoujo,12,12,Low,Medium,7.16,10.9,5,Summer,2019,0,7.0,65.0,Average
Diomedea,Action,2,Manga,Shoujo,12,24,Low,High,2.94,1.0,5,Summer,2017,1,5.33,31.9,Flop
Bones,Isekai,1,Web Novel,Shoujo,12,24,Low,High,5.18,5.1,11,Fall,2016,1,8.5,95.1,Hit
Kyoto Animation,Sports,2,Manga,Josei,12,24,Medium,High,7.14,1.8,7,Winter,2017,0,9.05,100.0,Hit
MAPPA,Action,1,Manga,Shoujo,13,24,High,Low,6.74,7.8,13,Summer,2018,1,10.0,100.0,Hit
Studio Deen,Romance,3,Original,Seinen,12,24,Low,High,4.66,8.0,4,Fall,2019,0,4.7,43.4,Flop
Diomedea,Horror,1,Visual Novel,Shounen,12,24,Medium,Medium,2.14,14.5,6,Spring,2018,0,6.08,37.5,Flop
J.C.Staff,Psychological,1,Original,Josei,24,24,Low,Medium,5.49,9.6,6,Summer,2020,0,5.99,50.4,Average
J.C.Staff,Supernatural,2,Light Novel,Seinen,13,24,Medium,Low,4.99,11.3,2,Winter,2016,1,6.49,73.4,Average
J.C.Staff,Mecha,3,Light Novel,Josei,50,24,Medium,Low,4.86,5.6,8,Fall,2023,1,7.19,76.7,Hit
Pierrot,Sports,2,Manga,Shoujo,12,24,Low,High,3.56,11.7,1,Summer,2021,0,4.99,40.4,Flop
ufotable,Fantasy,1,Web Novel,Josei,26,24,Medium,Medium,6.36,9.9,8,Summer,2021,1,9.17,92.5,Hit
Bones,Comedy,2,Light Novel,Shounen,50,24,Medium,Low,6.29,7.2,11,Spring,2015,1,5.14,39.8,Flop
A-1 Pictures,Horror,2,Original,Seinen,24,24,High,Medium,6.56,6.6,8,Winter,2022,0,9.86,100.0,Hit
WIT Studio,Fantasy,3,Manga,Shounen,13,24,Medium,Medium,8.6,7.3,6,Fall,2016,0,7.86,73.0,Hit
Trigger,Slice of Life,2,Manga,Shounen,12,24,High,High,6.15,16.7,8,Fall,2017,1,10.0,100.0,Hit
Studio Deen,Action,2,Manga,Shoujo,24,12,Medium,Low,3.74,13.8,1,Summer,2017,1,4.19,37.5,Flop
Bones,Psychological,3,Visual Novel,Shoujo,12,24,High,Medium,6.07,7.4,10,Fall,2021,0,9.77,100.0,Hit
Studio Deen,Romance,1,Light Novel,Shounen,13,24,High,Low,6.53,10.5,7,Spring,2020,0,4.28,54.2,Flop
MAPPA,Mecha,2,Visual Novel,Seinen,26,24,Medium,Medium,2.41,0.0,8,Spring,2015,0,9.02,83.1,Hit
Bones,Action,1,Light Novel,Seinen,12,24,Medium,Low,5.45,12.2,7,Fall,2020,0,8.7,82.7,Hit
Sunrise,Adventure,1,Game,Shounen,12,24,Low,High,2.93,4.2,7,Fall,2021,0,7.02,89.0,Hit
WIT Studio,Isekai,3,Web Novel,Shounen,25,24,Medium,Low,10.0,7.3,7,Fall,2019,1,7.61,92.8,Hit
Madhouse,Isekai,1,Manga,Shounen,24,24,High,Low,5.44,6.7,4,Spring,2024,0,10.0,100.0,Hit
ufotable,Fantasy,2,Original,Shounen,13,12,Low,Low,7.02,9.2,6,Fall,2018,0,10.0,91.6,Hit
J.C.Staff,Fantasy,1,Web Novel,Shounen,24,12,Low,Medium,5.74,0.0,5,Winter,2022,1,5.28,55.7,Flop
Toei Animation,Romance,1,Original,Shounen,12,24,Low,Medium,4.95,8.7,5,Summer,2016,1,8.5,93.7,Hit
J.C.Staff,Comedy,1,Manga,Seinen,26,24,Medium,Low,6.02,2.0,5,Fall,2022,1,5.95,57.2,Average
CloverWorks,Slice of Life,2,Web Novel,Shounen,50,12,Medium,High,4.42,10.8,4,Winter,2023,1,7.63,66.4,Hit
Sunrise,Horror,1,Manga,Seinen,24,24,Low,Medium,5.26,8.8,9,Winter,2016,0,8.74,100.0,Hit
J.C.Staff,Action,1,Game,Seinen,24,24,Medium,Medium,6.88,4.5,8,Fall,2016,0,6.94,74.1,Average
Toei Animation,Romance,3,Web Novel,Josei,24,12,Low,Medium,8.02,1.5,5,Fall,2021,0,3.19,49.5,Flop
Bones,Slice of Life,1,Light Novel,Josei,12,24,Medium,Low,9.37,7.3,6,Summer,2019,0,8.99,66.6,Hit
CloverWorks,Sci-Fi,3,Manga,Shounen,26,24,Medium,Medium,5.43,2.1,8,Winter,2016,0,6.79,95.5,Hit
J.C.Staff,Psychological,2,Manga,Shounen,13,24,Low,Low,5.57,6.8,4,Spring,2021,1,6.82,60.7,Average
Bones,Mecha,1,Manga,Shounen,24,24,Medium,Low,2.38,9.0,6,Fall,2022,1,9.31,100.0,Hit
Trigger,Slice of Life,1,Web Novel,Josei,12,24,High,Medium,3.51,0.0,6,Winter,2015,0,7.01,67.3,Average
ufotable,Slice of Life,2,Web Novel,Seinen,25,24,Medium,Medium,10.0,5.4,11,Fall,2024,1,10.0,94.9,Hit
Madhouse,Supernatural,1,Original,Shounen,13,24,Low,Medium,5.41,8.7,7,Winter,2018,0,9.04,100.0,Hit
Studio Deen,Supernatural,1,Light Novel,Shounen,24,24,Low,Medium,3.64,9.2,3,Spring,2022,0,4.14,50.5,Flop
A-1 Pictures,Drama,3,Manga,Seinen,12,12,Medium,Medium,4.28,17.8,6,Winter,2022,1,7.62,100.0,Hit
WIT Studio,Slice of Life,1,Web Novel,Shounen,12,24,Low,High,7.2,6.0,5,Fall,2020,1,6.79,74.0,Average
Madhouse,Slice of Life,1,Web Novel,Shounen,24,24,Medium,Low,7.06,8.9,4,Fall,2021,0,10.0,90.7,Hit
WIT Studio,Sci-Fi,3,Visual Novel,Seinen,26,24,High,Low,5.05,9.1,10,Fall,2016,0,8.94,89.2,Hit
WIT Studio,Sports,1,Manga,Shoujo,100,24,Low,Medium,5.56,1.2,4,Fall,2022,0,9.44,76.8,Hit
J.C.Staff,Fantasy,3,Light Novel,Shounen,12,24,Low,Low,5.7,8.0,6,Winter,2017,0,4.13,16.6,Flop
Doga Kobo,Action,1,Light Novel,Shoujo,26,24,Low,Medium,4.57,13.8,4,Winter,2021,0,5.04,59.0,Flop
Kyoto Animation,Slice of Life,2,Manga,Shoujo,26,24,Low,Low,6.4,11.2,10,Summer,2019,0,8.69,95.7,Hit
Kyoto Animation,Action,3,Light Novel,Seinen,12,24,Medium,Medium,5.63,14.9,7,Summer,2018,1,9.93,81.3,Hit
J.C.Staff,Sci-Fi,2,Web Novel,Seinen,50,12,High,Medium,4.92,1.7,8,Fall,2015,0,8.21,68.7,Hit
Diomedea,Mystery,2,Light Novel,Shounen,12,24,Medium,Low,3.14,4.5,5,Summer,2015,1,2.11,14.9,Flop
CloverWorks,Psychological,3,Manga,Seinen,50,24,High,Low,6.72,4.0,8,Summer,2022,0,10.0,77.7,Hit
MAPPA,Mecha,1,Web Novel,Josei,24,24,Low,Low,7.22,5.5,5,Winter,2015,1,8.19,100.0,Hit
Bones,Action,2,Light Novel,Shounen,24,12,High,Low,7.24,6.0,4,Winter,2016,1,9.17,95.8,Hit
Trigger,Mystery,3,Game,Shounen,26,24,Medium,Low,4.91,0.0,9,Winter,2024,0,6.75,85.6,Hit
Toei Animation,Mystery,3,Manga,Shounen,12,24,Low,High,4.31,4.0,4,Spring,2016,1,5.17,34.2,Flop
MAPPA,Supernatural,2,Manga,Shounen,50,24,Low,Medium,7.46,7.9,10,Spring,2021,0,10.0,100.0,Hit
MAPPA,Romance,1,Manga,Josei,12,12,Low,Medium,6.23,8.5,8,Winter,2015,0,9.86,100.0,Hit
Diomedea,Romance,3,Original,Shounen,24,24,Low,Medium,1.37,5.4,7,Winter,2015,0,4.16,62.1,Flop
Trigger,Romance,3,Game,Josei,26,24,Low,Medium,7.07,3.7,7,Summer,2016,0,6.91,66.7,Average
CloverWorks,Psychological,1,Light Novel,Josei,24,24,Low,High,5.93,10.3,7,Spring,2024,1,8.49,78.4,Hit
Studio Deen,Slice of Life,1,Light Novel,Shounen,24,24,Low,Medium,5.73,3.6,4,Fall,2017,0,5.42,44.1,Flop
Bones,Comedy,3,Light Novel,Seinen,12,12,Medium,Low,4.72,7.0,11,Fall,2024,1,4.93,66.6,Average
Zero-G,Action,2,Light Novel,Shounen,12,24,Medium,Low,3.91,16.4,6,Summer,2017,1,5.72,54.1,Average
Toei Animation,Action,2,Web Novel,Shoujo,26,24,High,Medium,4.17,11.1,6,Winter,2022,0,6.02,59.0,Average
Toei Animation,Romance,2,Manga,Seinen,50,24,Low,High,7.23,5.3,6,Spring,2022,0,5.77,67.3,Average
Kyoto Animation,Romance,1,Manga,Josei,24,24,High,Low,6.5,3.4,12,Fall,2016,0,9.07,93.3,Hit
Production I.G,Mecha,2,Manga,Seinen,24,24,Low,High,4.96,4.9,6,Summer,2021,0,8.05,73.4,Hit
Production I.G,Comedy,2,Original,Seinen,24,24,High,Low,7.14,7.6,7,Winter,2017,0,9.49,100.0,Hit
Doga Kobo,Sci-Fi,2,Light Novel,Shounen,12,24,Medium,Low,5.71,8.3,4,Summer,2021,0,6.13,61.0,Average
Bones,Action,2,Original,Shoujo,50,24,Low,Medium,3.91,12.3,10,Fall,2021,0,9.3,89.4,Hit
J.C.Staff,Mystery,1,Light Novel,Shounen,24,24,Medium,Medium,4.31,9.0,5,Spring,2020,0,8.85,87.3,Hit
Sunrise,Fantasy,3,Manga,Seinen,12,12,Low,Low,4.93,13.2,6,Winter,2017,0,8.06,82.7,Hit
Silver Link,Psychological,3,Manga,Shounen,50,24,Low,Low,1.36,15.0,5,Fall,2021,1,5.92,40.1,Flop
Bones,Sci-Fi,1,Game,Shounen,12,24,Medium,High,5.75,10.0,10,Spring,2018,1,8.57,100.0,Hit
J.C.Staff,Sci-Fi,2,Manga,Shounen,24,24,Low,Medium,5.76,8.9,8,Summer,2015,0,9.69,98.5,Hit
ufotable,Fantasy,3,Light Novel,Shoujo,13,12,Low,Low,6.72,13.8,10,Spring,2021,0,10.0,89.2,Hit
ufotable,Adventure,1,Manga,Shounen,12,24,High,Low,9.5,7.2,12,Fall,2022,1,9.98,100.0,Hit
Doga Kobo,Mecha,1,Visual Novel,Shounen,24,24,High,Medium,2.29,15.5,9,Fall,2021,0,6.89,72.8,Average
A-1 Pictures,Comedy,2,Manga,Shounen,12,24,Low,Low,5.79,4.2,4,Fall,2019,0,6.5,61.8,Average
Pierrot,Mystery,2,Manga,Shounen,13,24,High,Low,5.46,14.0,2,Fall,2016,0,6.59,57.4,Average
Production I.G,Action,2,Manga,Shounen,50,24,High,High,6.47,12.0,8,Summer,2018,0,9.94,100.0,Hit
A-1 Pictures,Sci-Fi,3,Original,Shounen,24,12,Low,Medium,3.73,8.9,3,Winter,2016,1,9.22,73.4,Hit
Bones,Romance,3,Manga,Shounen,12,24,Low,Medium,7.91,9.1,11,Spring,2015,1,8.89,66.3,Hit
J.C.Staff,Psychological,3,Visual Novel,Seinen,100,24,Low,High,4.96,3.3,4,Spring,2024,0,8.58,96.0,Hit
ufotable,Sports,3,Light Novel,Seinen,24,24,High,Low,5.45,5.7,11,Spring,2016,1,10.0,100.0,Hit
J.C.Staff,Isekai,3,Game,Josei,24,24,Low,Low,3.05,11.9,5,Winter,2015,1,3.78,36.2,Flop
Lerche,Sci-Fi,2,Light Novel,Shounen,12,24,Low,High,2.8,12.5,6,Fall,2020,1,6.99,79.1,Hit
Lerche,Adventure,2,Light Novel,Shounen,12,24,Medium,Medium,4.84,6.7,6,Fall,2024,0,4.73,41.4,Flop
Studio Deen,Adventure,3,Light Novel,Seinen,12,24,Low,Medium,4.35,9.0,6,Spring,2018,1,6.65,50.6,Average
Silver Link,Isekai,2,Web Novel,Seinen,12,24,Low,Medium,3.12,7.5,1,Winter,2021,1,4.71,45.9,Flop
Kyoto Animation,Horror,3,Original,Josei,26,24,Medium,Medium,5.29,5.0,5,Fall,2024,1,9.42,100.0,Hit
Studio Deen,Horror,1,Manga,Seinen,24,24,High,Low,3.84,12.8,5,Spring,2023,0,4.89,52.8,Flop
Bones,Adventure,1,Original,Shoujo,13,24,Low,Medium,4.55,10.6,11,Winter,2022,0,9.13,91.9,Hit
Studio Deen,Supernatural,3,Light Novel,Shoujo,50,24,High,Medium,5.14,9.8,5,Summer,2023,1,6.69,52.9,Average
Studio Deen,Sports,1,Light Novel,Josei,24,24,Low,Medium,2.09,8.6,7,Summer,2016,1,6.68,52.9,Average
Pierrot,Drama,2,Manga,Shounen,24,24,Medium,Medium,5.51,5.5,5,Winter,2015,1,6.6,53.6,Average
Sunrise,Sports,3,Manga,Shounen,12,24,High,High,4.25,12.1,8,Spring,2022,1,9.63,90.7,Hit
Trigger,Adventure,3,Web Novel,Seinen,50,24,High,Low,6.86,10.5,7,Fall,2019,0,9.41,85.3,Hit
Production I.G,Sci-Fi,1,Light Novel,Shounen,12,24,Low,Medium,3.71,4.8,10,Fall,2017,1,9.01,58.2,Hit
A-1 Pictures,Fantasy,2,Manga,Shounen,26,24,High,Medium,6.67,11.4,2,Summer,2016,1,9.33,97.6,Hit
Madhouse,Supernatural,1,Manga,Shounen,50,24,Low,High,5.59,2.4,8,Spring,2021,1,9.22,98.4,Hit
Sunrise,Drama,1,Original,Shoujo,12,24,Medium,High,3.66,3.0,5,Fall,2018,1,9.2,89.7,Hit
Sunrise,Sci-Fi,2,Original,Seinen,50,24,Low,Medium,5.94,1.9,8,Summer,2017,0,9.37,82.1,Hit
Lerche,Isekai,2,Manga,Seinen,12,24,Low,Medium,3.29,8.3,3,Spring,2016,0,5.86,60.8,Average
ufotable,Romance,1,Manga,Seinen,12,24,Medium,Medium,6.17,12.2,5,Spring,2015,0,9.64,89.8,Hit
Doga Kobo,Adventure,3,Manga,Seinen,50,24,High,Medium,5.02,5.3,3,Summer,2020,1,8.66,100.0,Hit
Doga Kobo,Drama,1,Manga,Shounen,50,24,Low,Medium,5.44,1.6,5,Spring,2020,0,5.49,52.4,Flop
CloverWorks,Isekai,2,Manga,Shounen,12,24,Low,Low,8.11,8.5,6,Winter,2016,0,8.04,86.2,Hit
Production I.G,Sports,2,Manga,Seinen,12,24,Low,Medium,2.65,7.6,7,Spring,2022,1,9.4,88.8,Hit
Madhouse,Sci-Fi,2,Manga,Seinen,12,12,Low,Medium,7.45,12.0,5,Spring,2017,0,7.16,72.0,Average
Pierrot,Comedy,2,Light Novel,Shounen,24,12,High,Low,1.44,16.5,8,Summer,2022,1,7.62,80.6,Hit
Diomedea,Psychological,2,Web Novel,Seinen,12,24,High,Medium,5.58,7.8,2,Spring,2017,1,4.85,31.2,Flop
MAPPA,Adventure,1,Visual Novel,Shounen,13,24,Medium,High,6.88,10.5,8,Fall,2018,0,9.93,98.4,Hit
J.C.Staff,Fantasy,1,Original,Shounen,24,24,Medium,Low,5.06,5.8,3,Fall,2022,0,5.98,53.5,Average
Silver Link,Mecha,3,Manga,Seinen,24,12,Medium,Low,1.85,6.3,0,Fall,2015,0,5.69,52.7,Average
Lerche,Supernatural,3,Web Novel,Seinen,12,24,Low,Medium,4.48,16.1,5,Winter,2015,1,5.06,43.4,Flop
A-1 Pictures,Isekai,2,Light Novel,Shounen,26,12,Medium,Medium,3.6,8.3,9,Winter,2024,1,10.0,100.0,Hit
Sunrise,Slice of Life,3,Game,Josei,13,24,Low,Low,6.05,6.9,4,Winter,2020,0,6.97,67.4,Average
Production I.G,Sci-Fi,3,Manga,Shounen,25,24,Low,Low,6.86,10.4,10,Winter,2015,1,7.37,56.6,Average
Zero-G,Sci-Fi,1,Original,Shounen,24,24,Low,Medium,3.47,0.0,6,Spring,2016,1,4.76,28.8,Flop
Pierrot,Fantasy,3,Manga,Seinen,13,24,Medium,Medium,2.69,7.6,3,Summer,2015,0,5.55,60.5,Average
Trigger,Horror,2,Game,Josei,25,12,Medium,High,6.64,0.5,3,Winter,2022,0,6.93,67.2,Average
A-1 Pictures,Sports,1,Visual Novel,Shounen,13,24,Low,High,5.46,10.4,6,Winter,2016,1,8.18,67.5,Hit
J.C.Staff,Fantasy,3,Manga,Shounen,50,24,High,Medium,4.41,8.5,5,Winter,2020,1,8.08,72.7,Hit
Toei Animation,Psychological,3,Web Novel,Shounen,12,24,Low,Medium,3.23,9.0,3,Summer,2017,0,4.25,24.6,Flop
WIT Studio,Drama,3,Web Novel,Shounen,50,24,Low,Low,7.33,8.6,2,Summer,2017,0,6.52,52.0,Average
Sunrise,Horror,1,Manga,Shounen,13,24,Medium,Medium,3.26,11.5,8,Spring,2018,1,6.79,66.6,Average
J.C.Staff,Slice of Life,3,Original,Shounen,26,12,Medium,Medium,7.25,9.3,7,Winter,2020,0,7.82,79.9,Hit
Sunrise,Comedy,3,Manga,Shounen,100,24,Medium,Medium,5.41,16.6,4,Spring,2015,0,8.41,87.0,Hit
Kyoto Animation,Romance,1,Manga,Shounen,50,24,High,Medium,8.8,6.7,8,Summer,2021,1,9.38,100.0,Hit
Madhouse,Mystery,3,Visual Novel,Shounen,12,24,Low,Medium,5.45,6.2,7,Winter,2018,0,9.85,100.0,Hit
Production I.G,Sci-Fi,1,Original,Josei,24,24,Medium,Low,6.38,9.9,9,Fall,2023,1,8.54,89.5,Hit
WIT Studio,Psychological,3,Manga,Seinen,12,24,Low,High,4.75,8.9,11,Summer,2022,1,9.87,92.5,Hit
MAPPA,Adventure,1,Light Novel,Shounen,24,24,High,Medium,5.44,6.7,4,Fall,2024,0,8.71,93.7,Hit
Kyoto Animation,Mystery,3,Original,Shounen,13,24,High,Low,7.46,0.1,8,Summer,2016,1,10.0,100.0,Hit
Studio Deen,Romance,3,Manga,Seinen,25,24,Medium,Medium,4.23,15.4,4,Winter,2020,1,8.75,93.0,Hit
Diomedea,Mystery,1,Web Novel,Shounen,24,24,Medium,Low,4.96,9.1,5,Fall,2021,0,3.63,32.2,Flop
Madhouse,Comedy,3,Light Novel,Seinen,13,24,Medium,Low,6.3,4.4,9,Winter,2022,0,7.03,76.4,Hit
Lerche,Horror,2,Original,Josei,12,24,Medium,Low,3.24,8.9,5,Spring,2016,1,5.43,67.1,Average
A-1 Pictures,Mystery,1,Original,Shounen,13,24,Low,High,7.07,9.6,8,Summer,2023,0,10.0,94.0,Hit
Madhouse,Mecha,3,Manga,Seinen,13,24,Medium,Low,6.58,9.3,5,Spring,2023,1,9.09,92.4,Hit
ufotable,Slice of Life,1,Light Novel,Josei,100,24,Low,Medium,4.06,6.9,7,Fall,2018,1,8.9,80.8,Hit
Diomedea,Slice of Life,1,Light Novel,Josei,12,24,Medium,Low,2.24,4.3,5,Winter,2020,1,3.86,27.0,Flop
Doga Kobo,Slice of Life,1,Original,Shoujo,24,24,Medium,High,5.83,5.1,7,Fall,2022,1,9.56,100.0,Hit
Diomedea,Psychological,3,Manga,Shounen,24,24,Medium,High,3.32,13.1,2,Fall,2018,1,3.41,18.6,Flop
Bones,Romance,3,Visual Novel,Shoujo,12,24,High,Medium,4.6,5.2,7,Winter,2019,0,9.66,80.9,Hit
J.C.Staff,Sci-Fi,1,Manga,Shounen,24,24,High,Low,1.16,8.3,2,Spring,2022,0,7.71,68.1,Hit
Zero-G,Comedy,3,Light Novel,Shoujo,13,24,High,Medium,3.35,6.3,7,Winter,2023,1,3.17,40.5,Flop
Zero-G,Drama,3,Manga,Shounen,26,24,Low,Low,5.11,15.0,4,Spring,2015,1,6.48,54.6,Average
Sunrise,Fantasy,2,Game,Seinen,12,24,Medium,Low,5.68,5.5,4,Summer,2020,1,7.82,69.7,Hit
Production I.G,Slice of Life,1,Original,Shounen,50,24,Low,Low,4.79,10.3,8,Fall,2023,1,6.06,64.1,Average
J.C.Staff,Adventure,1,Manga,Shoujo,12,24,Low,Low,6.84,5.8,7,Winter,2020,1,8.87,74.3,Hit
Zero-G,Romance,2,Original,Shoujo,25,24,Medium,Medium,6.85,11.5,9,Winter,2021,0,4.34,46.0,Flop
Toei Animation,Supernatural,1,Visual Novel,Shounen,12,24,Low,Low,5.27,15.4,9,Fall,2023,1,5.86,70.9,Average
ufotable,Comedy,2,Manga,Seinen,50,24,High,Low,5.92,5.5,10,Fall,2020,0,10.0,97.9,Hit
Studio Deen,Fantasy,3,Web Novel,Shounen,12,12,Medium,Medium,3.9,13.8,9,Summer,2015,0,3.4,49.3,Flop
Pierrot,Slice of Life,2,Manga,Seinen,24,24,High,High,3.77,10.3,5,Spring,2016,1,10.0,100.0,Hit
Lerche,Isekai,1,Original,Shounen,50,24,High,Medium,6.27,8.6,9,Fall,2021,0,7.81,82.5,Hit
Madhouse,Romance,1,Manga,Shounen,12,24,Low,High,7.68,7.5,7,Fall,2016,0,10.0,91.5,Hit
Pierrot,Comedy,3,Light Novel,Shoujo,24,24,High,Low,5.0,6.0,7,Fall,2016,0,6.0,56.5,Average
Production I.G,Comedy,2,Manga,Shounen,12,24,High,Medium,6.11,0.0,7,Fall,2020,1,10.0,84.4,Hit
Bones,Drama,3,Game,Seinen,12,24,Medium,Low,6.42,11.2,10,Summer,2020,1,9.14,76.5,Hit
Toei Animation,Romance,3,Visual Novel,Shounen,13,24,Medium,Low,3.56,7.2,0,Spring,2020,1,6.85,63.7,Average
Bones,Supernatural,1,Web Novel,Shounen,100,24,Medium,Medium,7.36,8.7,9,Fall,2016,1,9.38,100.0,Hit
ufotable,Romance,1,Web Novel,Shoujo,12,24,Medium,Medium,7.83,1.5,14,Spring,2018,1,8.91,90.9,Hit
Pierrot,Adventure,1,Light Novel,Seinen,24,24,Medium,High,4.07,2.9,7,Fall,2023,0,7.65,73.4,Hit
Kyoto Animation,Drama,2,Original,Shounen,12,24,Medium,Low,4.92,8.4,14,Spring,2020,0,9.3,87.0,Hit
Madhouse,Horror,1,Manga,Shounen,12,24,High,High,1.59,10.3,4,Spring,2023,0,10.0,100.0,Hit
Bones,Comedy,1,Light Novel,Shoujo,12,12,Low,Low,8.59,9.0,7,Summer,2021,0,8.28,92.3,Hit
Kyoto Animation,Adventure,1,Visual Novel,Seinen,26,24,Medium,Medium,4.42,14.3,7,Fall,2022,1,7.9,100.0,Hit
Madhouse,Drama,1,Visual Novel,Shounen,12,24,Low,Low,5.64,4.2,11,Fall,2022,0,8.29,82.7,Hit
Sunrise,Comedy,1,Light Novel,Shounen,50,24,Low,Low,5.33,5.3,12,Winter,2017,1,7.35,57.9,Average
Sunrise,Mecha,1,Manga,Shounen,26,24,High,Low,4.18,9.8,6,Summer,2018,1,7.39,53.2,Average
Doga Kobo,Sports,3,Light Novel,Shounen,24,12,High,Low,6.15,10.9,5,Winter,2018,0,7.39,87.4,Hit
Production I.G,Mecha,2,Manga,Shounen,12,12,Low,Medium,3.4,8.8,6,Spring,2015,0,7.86,90.7,Hit
CloverWorks,Isekai,1,Original,Seinen,12,24,Low,Low,3.43,8.2,9,Summer,2021,0,6.7,82.3,Hit
Zero-G,Psychological,3,Original,Shounen,13,24,Medium,Medium,4.06,18.6,1,Summer,2024,0,5.03,52.9,Flop
Zero-G,Drama,3,Visual Novel,Shoujo,12,24,High,Medium,3.43,8.0,7,Summer,2020,0,5.6,64.4,Average
Lerche,Slice of Life,3,Visual Novel,Shounen,13,24,Low,Low,5.53,2.3,5,Spring,2021,1,4.6,41.9,Flop
A-1 Pictures,Romance,3,Manga,Shounen,100,24,Medium,Medium,4.01,2.4,2,Summer,2016,1,6.64,55.0,Average
J.C.Staff,Mystery,2,Light Novel,Seinen,13,24,High,Medium,3.52,9.6,9,Winter,2016,0,8.34,88.0,Hit
J.C.Staff,Slice of Life,1,Manga,Shounen,12,24,Medium,Medium,7.5,17.4,4,Winter,2020,1,7.76,76.0,Hit
ufotable,Romance,3,Original,Shounen,12,24,Low,Medium,5.44,4.5,9,Fall,2016,1,10.0,89.4,Hit
Bones,Comedy,2,Visual Novel,Josei,24,24,Low,Low,6.09,8.1,11,Fall,2023,1,8.0,100.0,Hit
Production I.G,Drama,1,Game,Seinen,50,12,Low,Medium,10.0,6.7,7,Winter,2018,0,4.29,53.3,Flop
Kyoto Animation,Slice of Life,1,Manga,Shounen,12,24,Medium,Low,6.12,6.5,12,Summer,2024,0,9.98,100.0,Hit
CloverWorks,Drama,2,Manga,Shounen,26,24,High,Low,5.36,5.8,7,Spring,2023,0,8.46,98.0,Hit
Trigger,Slice of Life,3,Web Novel,Seinen,12,24,High,Low,4.94,16.3,7,Fall,2015,0,10.0,100.0,Hit
Silver Link,Isekai,3,Original,Shounen,25,24,Low,Low,4.64,4.6,9,Fall,2018,0,6.98,53.0,Average
MAPPA,Drama,3,Manga,Shounen,13,24,Low,Medium,6.14,5.8,9,Summer,2021,0,6.06,54.4,Average
Doga Kobo,Supernatural,3,Manga,Seinen,12,24,Medium,Medium,3.78,14.0,6,Fall,2021,1,9.28,89.0,Hit
Production I.G,Psychological,3,Manga,Seinen,25,24,High,Low,5.25,0.0,8,Summer,2021,0,7.12,100.0,Hit
CloverWorks,Sports,1,Web Novel,Seinen,12,24,Low,Low,6.98,8.1,5,Winter,2018,0,6.36,72.0,Average
J.C.Staff,Action,2,Game,Shoujo,12,24,Low,High,3.14,3.1,6,Fall,2016,0,4.51,26.8,Flop
Diomedea,Action,2,Light Novel,Seinen,26,24,Medium,Low,3.09,13.1,2,Spring,2015,1,3.49,16.4,Flop
Silver Link,Comedy,1,Web Novel,Seinen,24,24,Medium,Medium,2.58,6.4,5,Summer,2024,0,2.85,37.5,Flop
Silver Link,Adventure,1,Game,Shounen,24,24,High,High,4.46,6.8,2,Winter,2021,0,8.55,80.4,Hit
MAPPA,Action,1,Manga,Shoujo,25,24,Medium,Low,8.72,8.8,8,Spring,2016,0,9.52,97.2,Hit
WIT Studio,Sci-Fi,3,Web Novel,Seinen,50,24,High,Medium,5.99,12.0,7,Fall,2018,1,10.0,100.0,Hit
Sunrise,Romance,2,Manga,Seinen,13,24,High,Low,5.39,5.5,5,Spring,2018,1,8.15,66.4,Hit
Zero-G,Action,2,Game,Shounen,12,24,Medium,Medium,3.49,7.9,7,Fall,2024,0,6.07,50.0,Average
Production I.G,Sci-Fi,1,Manga,Shounen,12,24,Medium,High,7.11,10.8,5,Winter,2020,0,9.47,100.0,Hit
Toei Animation,Action,2,Original,Shounen,12,24,High,Medium,1.86,2.9,7,Spring,2021,0,9.49,81.9,Hit
Madhouse,Drama,2,Manga,Shoujo,25,24,Medium,Low,6.29,5.8,6,Fall,2018,0,9.36,89.7,Hit
Kyoto Animation,Psychological,1,Light Novel,Seinen,12,24,Medium,Low,6.2,4.5,7,Winter,2019,1,8.58,95.8,Hit
Kyoto Animation,Slice of Life,3,Light Novel,Seinen,24,24,Low,High,4.23,10.1,8,Summer,2020,1,8.76,87.4,Hit
Zero-G,Mecha,1,Game,Seinen,50,24,High,Low,4.06,9.7,0,Spring,2020,0,3.96,33.7,Flop
Toei Animation,Psychological,3,Manga,Shounen,12,24,Medium,Medium,3.55,8.6,9,Fall,2016,0,8.89,54.5,Hit
ufotable,Mystery,3,Visual Novel,Seinen,24,24,Medium,High,7.14,4.6,10,Winter,2021,0,9.88,87.9,Hit
Bones,Horror,2,Manga,Shounen,12,24,High,Low,7.49,11.4,7,Summer,2016,0,10.0,87.8,Hit
Toei Animation,Slice of Life,1,Manga,Shounen,12,24,Medium,Medium,5.66,1.2,9,Winter,2015,0,10.0,100.0,Hit
Bones,Sports,1,Light Novel,Shounen,100,24,Medium,High,5.49,12.2,13,Fall,2022,0,10.0,72.4,Hit
Zero-G,Romance,1,Visual Novel,Shounen,12,24,Low,Medium,3.56,9.2,3,Spring,2023,0,6.12,42.6,Flop
Sunrise,Romance,3,Light Novel,Shounen,24,24,Medium,Low,5.23,12.3,4,Winter,2023,1,6.37,82.7,Average
Production I.G,Mystery,2,Light Novel,Shoujo,12,24,Medium,Medium,4.81,9.1,5,Summer,2024,1,7.92,79.0,Hit
Toei Animation,Sci-Fi,1,Manga,Shounen,12,24,Low,Low,8.1,9.4,8,Winter,2018,1,8.19,100.0,Hit
A-1 Pictures,Psychological,2,Manga,Shounen,26,24,High,High,3.22,0.0,6,Spring,2015,0,10.0,89.9,Hit
Zero-G,Slice of Life,2,Light Novel,Seinen,12,24,High,Low,3.63,5.9,4,Fall,2018,0,5.1,46.7,Flop
Sunrise,Slice of Life,3,Web Novel,Shounen,26,24,Low,Medium,3.82,0.0,3,Spring,2024,1,6.19,56.0,Average
Doga Kobo,Drama,1,Light Novel,Shounen,100,24,Low,Medium,3.31,12.0,5,Spring,2015,1,5.63,60.6,Average
Madhouse,Comedy,3,Light Novel,Shounen,26,12,Medium,High,6.72,12.1,11,Spring,2022,1,10.0,100.0,Hit
Trigger,Sci-Fi,1,Light Novel,Seinen,13,24,Medium,Medium,6.96,9.7,2,Winter,2017,0,7.9,55.9,Average
Lerche,Mystery,3,Game,Seinen,24,24,High,Medium,2.95,10.0,5,Winter,2017,1,7.68,65.0,Hit
A-1 Pictures,Slice of Life,3,Light Novel,Shounen,12,24,Medium,Low,5.67,0.0,7,Winter,2017,0,6.1,66.2,Average
Sunrise,Slice of Life,3,Original,Josei,12,24,Medium,Medium,4.92,12.9,4,Fall,2017,0,9.43,89.9,Hit
Trigger,Psychological,3,Original,Josei,50,24,High,Medium,2.62,12.6,13,Summer,2019,1,9.37,82.7,Hit
Production I.G,Adventure,1,Manga,Seinen,13,12,Medium,Medium,6.02,13.2,6,Spring,2015,0,8.92,100.0,Hit
Diomedea,Slice of Life,1,Web Novel,Shounen,24,24,High,Medium,1.62,13.1,6,Fall,2019,1,4.01,49.2,Flop
WIT Studio,Horror,1,Manga,Shoujo,24,24,Low,Low,7.36,14.6,8,Summer,2016,0,8.52,74.8,Hit
Lerche,Romance,3,Visual Novel,Seinen,50,24,Low,Medium,3.65,11.1,6,Summer,2022,1,6.86,60.4,Average
Kyoto Animation,Romance,1,Original,Shoujo,100,24,Low,Medium,6.3,15.5,10,Summer,2016,1,10.0,100.0,Hit
Madhouse,Drama,1,Light Novel,Shounen,13,12,Medium,Low,7.68,11.4,6,Spring,2016,1,9.25,75.5,Hit
J.C.Staff,Drama,1,Original,Seinen,25,24,Low,High,4.51,9.7,6,Summer,2022,1,6.79,57.7,Average
Lerche,Horror,1,Manga,Seinen,12,24,Medium,Low,5.63,5.3,5,Winter,2020,0,7.2,63.7,Average
Sunrise,Sci-Fi,3,Visual Novel,Shounen,26,12,Medium,Low,5.53,9.0,5,Spring,2021,0,7.47,72.8,Hit
Pierrot,Comedy,3,Manga,Shoujo,24,24,High,Medium,2.68,13.5,2,Fall,2023,0,6.98,61.9,Average
Zero-G,Slice of Life,3,Visual Novel,Shounen,24,24,Low,Medium,3.77,4.6,3,Winter,2016,0,4.23,66.6,Flop
Lerche,Psychological,3,Manga,Seinen,13,24,Medium,Low,4.98,16.1,3,Fall,2020,0,4.92,51.0,Flop
Kyoto Animation,Sports,1,Light Novel,Seinen,50,24,Low,High,4.99,10.0,8,Spring,2021,1,7.86,87.0,Hit
J.C.Staff,Romance,2,Light Novel,Shoujo,12,24,High,Medium,5.38,13.3,5,Winter,2019,0,10.0,88.3,Hit
Diomedea,Sports,2,Game,Shounen,24,24,Medium,Low,1.67,5.8,3,Summer,2018,1,3.34,49.2,Flop
Bones,Isekai,2,Web Novel,Shounen,24,24,Medium,Medium,5.2,8.8,3,Spring,2024,1,9.39,97.5,Hit
Doga Kobo,Mystery,3,Manga,Seinen,24,12,Medium,Low,4.86,8.7,5,Spring,2024,1,4.32,31.3,Flop
Diomedea,Supernatural,3,Web Novel,Shounen,24,24,Low,Medium,2.56,2.8,4,Spring,2022,0,3.46,1.0,Flop
Bones,Romance,3,Original,Josei,24,24,Low,Medium,5.36,0.0,8,Summer,2021,0,9.71,100.0,Hit
Sunrise,Comedy,2,Manga,Shounen,13,24,High,Medium,7.09,14.0,6,Fall,2023,1,8.67,81.6,Hit
J.C.Staff,Sci-Fi,3,Visual Novel,Shounen,26,24,High,Low,4.97,8.0,7,Winter,2024,1,8.92,72.2,Hit
Pierrot,Horror,3,Manga,Seinen,13,24,Medium,Low,5.2,11.2,5,Spring,2017,0,5.96,61.9,Average
Pierrot,Action,1,Manga,Shounen,24,24,Low,Medium,5.04,6.4,5,Winter,2023,1,4.65,48.0,Flop
Doga Kobo,Comedy,2,Original,Josei,13,24,Low,Medium,5.13,13.6,6,Spring,2016,1,6.4,53.2,Average
Diomedea,Psychological,2,Manga,Shoujo,26,24,High,Medium,3.57,10.8,7,Fall,2021,0,7.46,89.9,Hit
Trigger,Romance,3,Light Novel,Seinen,12,24,Low,Low,8.2,14.5,5,Summer,2016,1,8.78,99.0,Hit
Diomedea,Supernatural,3,Web Novel,Shounen,13,24,High,Low,2.07,5.0,1,Fall,2018,0,1.84,14.8,Flop
Toei Animation,Psychological,2,Original,Shounen,24,24,High,Low,4.7,8.5,11,Summer,2021,0,8.23,96.1,Hit
Kyoto Animation,Mecha,2,Manga,Shounen,12,24,Medium,Medium,5.44,5.4,8,Winter,2024,0,8.63,90.5,Hit
Bones,Fantasy,3,Original,Seinen,12,24,Medium,Low,5.08,11.8,13,Fall,2019,1,9.49,92.3,Hit
Toei Animation,Drama,1,Manga,Shounen,26,24,Medium,Low,6.4,9.0,10,Winter,2018,0,8.65,85.0,Hit
Studio Deen,Slice of Life,2,Original,Shounen,12,24,High,Medium,2.46,8.2,7,Summer,2018,0,8.25,60.0,Hit
Toei Animation,Sports,2,Original,Seinen,12,24,Medium,Medium,5.76,12.8,5,Winter,2016,0,6.97,85.7,Hit
Sunrise,Fantasy,3,Manga,Josei,50,24,High,High,4.16,13.5,7,Fall,2021,0,9.49,100.0,Hit
WIT Studio,Adventure,2,Manga,Seinen,24,24,Low,Medium,7.75,9.6,3,Summer,2022,1,7.38,87.5,Hit
ufotable,Action,1,Visual Novel,Shoujo,50,24,Medium,High,6.95,8.8,5,Winter,2024,0,8.85,99.4,Hit
A-1 Pictures,Slice of Life,2,Manga,Shounen,12,24,Low,Medium,7.01,15.2,9,Summer,2024,0,6.89,88.8,Hit
Sunrise,Adventure,2,Light Novel,Shounen,12,24,Low,Medium,2.85,8.6,8,Spring,2016,0,6.1,65.1,Average
Production I.G,Romance,1,Manga,Josei,12,24,Medium,High,5.26,11.8,11,Summer,2021,0,9.33,76.0,Hit
A-1 Pictures,Drama,1,Original,Shounen,13,24,Low,Low,9.71,2.3,4,Summer,2015,1,6.26,58.3,Average
A-1 Pictures,Action,2,Light Novel,Seinen,24,24,Medium,High,3.33,8.6,7,Winter,2019,0,7.96,80.7,Hit
A-1 Pictures,Drama,1,Manga,Seinen,12,12,Medium,Medium,5.59,9.4,4,Winter,2018,0,5.59,64.9,Average
J.C.Staff,Horror,2,Manga,Shounen,12,24,High,High,3.48,5.7,0,Summer,2023,0,6.93,35.9,Average
Bones,Sports,2,Manga,Shounen,50,24,Medium,Medium,3.14,14.1,8,Fall,2015,0,8.31,72.2,Hit
Production I.G,Mystery,3,Web Novel,Shounen,24,24,Medium,Medium,6.86,7.8,6,Spring,2015,1,6.31,66.5,Average
Silver Link,Mystery,3,Manga,Shounen,12,24,Medium,Medium,5.78,8.5,4,Fall,2023,1,7.1,66.2,Average
Studio Deen,Adventure,1,Manga,Shounen,12,12,Medium,Low,4.48,0.0,4,Fall,2024,1,6.25,82.7,Average
J.C.Staff,Comedy,1,Manga,Seinen,12,24,Medium,Low,5.97,0.4,4,Summer,2017,0,7.51,91.9,Hit
Pierrot,Drama,1,Light Novel,Seinen,25,24,Low,Medium,5.83,4.7,9,Summer,2015,0,9.25,80.1,Hit
Trigger,Romance,2,Manga,Seinen,13,24,Low,Medium,4.94,12.6,9,Summer,2016,1,6.22,48.7,Average
Kyoto Animation,Horror,1,Game,Seinen,26,24,Low,Low,8.3,10.9,6,Spring,2022,1,8.92,72.6,Hit
Bones,Romance,3,Light Novel,Shoujo,12,24,Medium,Low,7.42,7.8,7,Summer,2017,1,8.85,67.2,Hit
Trigger,Action,3,Light Novel,Shounen,12,24,Medium,Medium,9.88,3.4,7,Summer,2018,0,6.63,81.8,Hit
Doga Kobo,Isekai,2,Original,Shounen,100,24,Low,Low,4.14,6.6,4,Winter,2021,1,4.33,53.4,Flop
Diomedea,Sci-Fi,1,Original,Shounen,24,24,Medium,Medium,5.05,6.7,3,Summer,2017,1,6.38,59.8,Average
Silver Link,Supernatural,1,Original,Seinen,24,24,Medium,Low,1.87,8.1,7,Winter,2019,1,6.44,59.2,Average
WIT Studio,Adventure,2,Light Novel,Shounen,24,24,Medium,Low,7.77,3.8,13,Winter,2018,1,5.77,61.8,Average
Bones,Action,2,Original,Seinen,12,24,Low,Medium,7.6,8.6,2,Spring,2016,1,10.0,85.8,Hit
CloverWorks,Slice of Life,3,Light Novel,Seinen,25,24,High,Low,6.74,2.0,9,Summer,2020,0,9.2,98.0,Hit
Sunrise,Slice of Life,3,Manga,Shounen,12,24,High,Low,4.66,0.7,12,Summer,2022,1,8.19,85.1,Hit
Production I.G,Romance,1,Original,Shounen,24,24,High,Medium,4.43,8.4,6,Summer,2016,1,10.0,92.6,Hit
Lerche,Psychological,3,Web Novel,Shounen,12,24,Low,Medium,5.32,8.1,3,Fall,2017,0,6.27,45.5,Average
MAPPA,Isekai,1,Visual Novel,Shounen,24,24,Medium,Low,3.79,18.4,10,Spring,2019,1,9.96,88.4,Hit
CloverWorks,Sports,1,Manga,Shoujo,25,24,Medium,Low,7.55,8.6,4,Summer,2020,1,8.21,82.5,Hit
Production I.G,Isekai,3,Light Novel,Shounen,12,24,Low,Medium,7.71,6.6,7,Summer,2015,1,7.13,75.2,Hit
Toei Animation,Action,3,Light Novel,Shounen,13,24,Medium,High,5.16,3.3,4,Winter,2020,1,7.01,65.3,Average
Studio Deen,Comedy,2,Manga,Josei,25,24,Low,Low,3.12,7.7,6,Fall,2020,1,5.39,42.0,Flop
MAPPA,Psychological,2,Original,Seinen,12,12,Medium,Low,6.6,8.7,6,Spring,2018,0,7.92,94.3,Hit
Toei Animation,Comedy,1,Web Novel,Shounen,50,24,Low,Medium,7.9,13.2,8,Fall,2015,1,6.36,75.5,Average
Zero-G,Sci-Fi,3,Light Novel,Seinen,24,12,Low,Medium,2.34,8.0,2,Summer,2017,0,3.0,41.5,Flop
Bones,Horror,3,Manga,Josei,24,24,Medium,Medium,6.41,8.9,7,Summer,2019,0,10.0,86.0,Hit
Bones,Slice of Life,3,Light Novel,Shounen,50,24,Medium,Low,7.82,10.2,6,Spring,2021,0,6.06,78.2,Average
Zero-G,Romance,1,Light Novel,Seinen,100,24,Medium,Medium,1.43,13.4,2,Summer,2019,0,3.25,43.5,Flop
Lerche,Mystery,2,Light Novel,Seinen,24,24,Medium,High,1.74,8.9,3,Winter,2022,1,8.27,57.7,Hit
Diomedea,Fantasy,2,Original,Shoujo,13,24,Low,High,4.52,11.3,3,Fall,2019,0,6.18,64.9,Average
Kyoto Animation,Isekai,2,Web Novel,Seinen,100,24,Low,Low,6.54,5.4,7,Winter,2023,0,7.89,70.5,Hit
CloverWorks,Slice of Life,3,Manga,Shounen,26,24,Medium,Low,6.61,6.7,1,Spring,2021,1,8.08,96.0,Hit
Studio Deen,Romance,3,Visual Novel,Josei,13,12,Medium,Low,2.22,4.4,3,Summer,2019,0,5.77,54.7,Average
Production I.G,Mystery,2,Light Novel,Seinen,12,24,Medium,Low,7.77,4.3,7,Fall,2021,1,8.64,84.1,Hit
MAPPA,Supernatural,3,Game,Shoujo,50,24,High,Low,10.0,3.3,5,Summer,2020,0,9.3,92.6,Hit
Bones,Horror,2,Manga,Seinen,12,24,Low,Low,5.09,10.4,8,Spring,2016,0,10.0,84.5,Hit
J.C.Staff,Supernatural,2,Light Novel,Shounen,13,24,High,Low,4.54,6.0,4,Summer,2023,0,6.04,46.9,Average
MAPPA,Mystery,2,Manga,Shoujo,12,24,High,High,6.36,10.0,8,Spring,2018,0,10.0,100.0,Hit
Bones,Supernatural,2,Manga,Seinen,12,24,Low,Medium,5.82,9.4,3,Fall,2017,1,8.21,57.2,Hit
Madhouse,Isekai,2,Web Novel,Shounen,13,24,Medium,Medium,6.16,11.4,9,Fall,2019,0,9.99,100.0,Hit
Silver Link,Fantasy,2,Visual Novel,Shounen,12,24,Low,Medium,5.28,5.6,8,Summer,2017,0,6.5,82.1,Average
Diomedea,Action,2,Light Novel,Shoujo,13,24,Low,Medium,3.27,6.6,6,Spring,2024,0,6.2,29.1,Flop
Lerche,Adventure,1,Manga,Shoujo,26,24,Medium,Medium,2.01,11.9,5,Summer,2017,1,7.33,79.5,Hit
Production I.G,Drama,2,Light Novel,Seinen,24,24,High,Low,4.71,7.2,6,Spring,2017,1,9.25,79.5,Hit
J.C.Staff,Slice of Life,2,Game,Josei,12,24,Medium,Medium,6.28,1.9,8,Winter,2017,1,8.47,100.0,Hit
Zero-G,Comedy,3,Light Novel,Shounen,24,24,High,Low,2.79,13.9,10,Spring,2016,1,5.16,71.8,Average
J.C.Staff,Sci-Fi,3,Game,Shounen,24,24,Medium,High,4.3,11.5,7,Fall,2020,0,7.86,99.3,Hit
Doga Kobo,Sports,1,Web Novel,Shounen,26,12,Medium,Medium,4.38,5.1,3,Winter,2024,0,7.93,100.0,Hit
CloverWorks,Sci-Fi,2,Web Novel,Seinen,50,24,Low,High,3.66,1.8,7,Winter,2017,1,6.17,58.9,Average
CloverWorks,Drama,1,Manga,Shounen,12,24,Medium,High,8.08,4.6,5,Spring,2023,0,9.25,100.0,Hit
Production I.G,Fantasy,3,Original,Shounen,25,24,Medium,Low,7.4,10.2,9,Fall,2018,1,8.91,91.1,Hit
Sunrise,Mystery,1,Light Novel,Shoujo,13,24,High,Medium,5.77,8.1,5,Fall,2015,0,9.36,100.0,Hit
Lerche,Horror,2,Light Novel,Shounen,24,24,Medium,Medium,4.09,13.8,7,Winter,2024,1,5.95,56.1,Average
Kyoto Animation,Sports,1,Visual Novel,Shounen,24,24,Low,Medium,6.06,7.3,5,Fall,2019,1,8.17,96.7,Hit
WIT Studio,Fantasy,1,Manga,Shounen,24,12,High,Low,9.41,9.5,7,Fall,2016,0,9.24,100.0,Hit
A-1 Pictures,Psychological,3,Original,Seinen,26,24,Medium,Medium,4.73,5.6,7,Winter,2015,0,10.0,97.7,Hit
Lerche,Horror,1,Manga,Shounen,12,12,Medium,Low,5.23,8.8,5,Fall,2021,1,4.59,48.8,Flop
Bones,Action,1,Manga,Shounen,24,24,Low,Medium,3.85,16.3,8,Spring,2021,1,9.2,84.2,Hit
Toei Animation,Supernatural,2,Visual Novel,Shounen,26,24,High,Medium,5.15,9.9,6,Winter,2023,1,8.66,100.0,Hit
Bones,Comedy,3,Manga,Shounen,12,24,Medium,Low,5.83,12.1,14,Winter,2015,0,8.78,98.7,Hit
J.C.Staff,Drama,3,Manga,Seinen,12,24,Medium,High,4.3,11.2,3,Winter,2022,0,7.82,100.0,Hit
Pierrot,Comedy,1,Manga,Josei,100,24,Medium,Low,4.26,11.4,6,Winter,2019,0,5.87,54.5,Average
Lerche,Fantasy,1,Light Novel,Shounen,100,24,Medium,Medium,2.97,9.8,6,Spring,2017,0,4.3,44.8,Flop
WIT Studio,Romance,3,Visual Novel,Seinen,50,24,Low,Medium,6.72,7.6,5,Summer,2019,1,9.06,87.4,Hit
CloverWorks,Slice of Life,1,Web Novel,Shounen,50,24,Low,Low,5.4,10.6,6,Summer,2016,1,6.44,59.1,Average
J.C.Staff,Sports,1,Manga,Shounen,12,24,Low,Low,1.74,9.4,3,Fall,2017,1,7.28,57.2,Average
Doga Kobo,Fantasy,3,Web Novel,Josei,12,24,Low,Medium,5.14,10.6,1,Fall,2017,1,6.68,86.5,Hit
Trigger,Comedy,1,Light Novel,Seinen,13,24,High,High,4.09,14.2,8,Summer,2023,0,9.44,100.0,Hit
WIT Studio,Romance,3,Original,Shounen,12,24,Low,Low,2.87,14.8,11,Winter,2016,1,8.55,100.0,Hit
Silver Link,Mystery,2,Manga,Shounen,26,24,Low,Medium,3.31,12.8,4,Fall,2024,0,3.54,26.1,Flop
Sunrise,Action,1,Light Novel,Shounen,100,24,Medium,Low,3.63,9.2,8,Spring,2021,0,7.38,58.7,Average
Silver Link,Fantasy,2,Manga,Seinen,13,24,High,Medium,2.79,9.3,2,Spring,2017,0,8.37,94.8,Hit
A-1 Pictures,Psychological,2,Original,Seinen,12,24,Low,Low,7.46,7.2,6,Summer,2022,0,6.7,78.8,Average
Silver Link,Horror,3,Original,Shounen,25,24,High,High,4.42,13.0,2,Spring,2021,1,7.64,60.3,Average
Lerche,Slice of Life,2,Light Novel,Seinen,12,24,Low,Low,5.29,4.7,3,Fall,2018,1,4.25,46.7,Flop
ufotable,Drama,2,Light Novel,Shounen,12,24,Medium,Low,8.01,10.8,9,Spring,2019,0,9.76,90.9,Hit
WIT Studio,Drama,2,Manga,Shounen,26,24,Medium,Medium,4.68,13.0,7,Summer,2020,0,9.43,86.3,Hit
WIT Studio,Sci-Fi,2,Manga,Seinen,12,24,Medium,Low,7.87,7.7,3,Spring,2015,1,9.23,81.4,Hit
Toei Animation,Psychological,3,Manga,Seinen,24,24,Medium,High,5.16,6.6,6,Winter,2020,1,7.4,93.9,Hit
Doga Kobo,Sci-Fi,1,Manga,Shoujo,26,24,Low,Medium,7.27,4.8,6,Spring,2018,0,4.61,31.6,Flop
WIT Studio,Mystery,3,Light Novel,Shounen,50,12,Low,Medium,6.8,6.9,13,Summer,2020,1,7.43,71.5,Hit
Diomedea,Mystery,1,Web Novel,Shoujo,24,24,Medium,Low,2.44,10.9,2,Summer,2021,1,1.37,7.7,Flop
Zero-G,Sci-Fi,2,Manga,Shoujo,12,24,Low,Medium,4.08,10.4,5,Summer,2020,0,5.11,37.1,Flop
Studio Deen,Comedy,1,Original,Josei,50,24,High,High,3.3,6.3,7,Summer,2023,0,10.0,100.0,Hit
Diomedea,Mecha,1,Manga,Josei,100,24,Medium,Medium,2.04,8.4,4,Spring,2016,0,4.21,33.0,Flop
Diomedea,Isekai,3,Original,Josei,12,24,Low,Medium,3.04,6.5,4,Summer,2017,0,4.46,41.9,Flop
Bones,Sci-Fi,2,Manga,Josei,12,24,Medium,Low,6.25,9.1,8,Fall,2022,0,10.0,78.7,Hit
ufotable,Mecha,3,Original,Shounen,24,24,Medium,Medium,3.49,7.3,5,Fall,2024,0,10.0,79.7,Hit
ufotable,Comedy,2,Manga,Shounen,24,24,Medium,High,3.85,7.4,11,Summer,2017,1,8.72,100.0,Hit
A-1 Pictures,Action,3,Manga,Seinen,12,24,Medium,Medium,9.26,9.4,7,Spring,2020,1,9.16,81.9,Hit
Bones,Supernatural,2,Light Novel,Shounen,25,24,Low,Low,5.85,9.6,6,Fall,2024,0,6.85,62.7,Average
Production I.G,Isekai,1,Original,Seinen,12,24,Low,Medium,4.75,7.5,10,Winter,2023,0,9.2,100.0,Hit
Production I.G,Horror,3,Manga,Shounen,13,24,Medium,Medium,5.71,3.6,3,Fall,2018,0,8.23,74.6,Hit
Studio Deen,Sci-Fi,3,Manga,Seinen,12,24,High,Medium,4.18,8.8,6,Spring,2019,0,7.63,77.8,Hit
Lerche,Sci-Fi,1,Original,Shounen,26,12,Low,Medium,5.09,5.0,1,Winter,2023,1,3.9,42.2,Flop
Toei Animation,Isekai,2,Manga,Shounen,12,24,High,Low,5.32,7.0,6,Spring,2015,1,8.94,78.0,Hit
Trigger,Adventure,2,Visual Novel,Seinen,100,12,Medium,High,5.64,16.9,7,Fall,2023,0,9.72,97.3,Hit
Doga Kobo,Drama,3,Light Novel,Shoujo,50,24,Medium,Medium,7.27,7.9,5,Winter,2024,0,4.76,34.4,Flop
Production I.G,Horror,1,Light Novel,Shounen,26,24,Medium,Low,4.58,7.7,12,Fall,2024,0,7.42,77.9,Hit
Zero-G,Supernatural,3,Game,Shoujo,24,24,Medium,Low,4.04,8.9,6,Summer,2016,1,4.02,45.6,Flop
A-1 Pictures,Action,2,Original,Shounen,24,24,High,Low,3.18,0.2,9,Fall,2016,0,9.03,93.5,Hit
CloverWorks,Comedy,1,Original,Shounen,50,24,Medium,Low,3.18,4.6,4,Spring,2019,1,10.0,78.0,Hit
J.C.Staff,Adventure,3,Light Novel,Seinen,50,24,High,Medium,3.96,8.6,6,Winter,2019,0,4.6,39.6,Flop
Lerche,Psychological,1,Light Novel,Shounen,12,24,Medium,High,4.18,9.9,6,Fall,2017,1,7.3,70.0,Average
Zero-G,Romance,1,Manga,Seinen,12,24,High,Low,3.99,5.0,4,Winter,2018,1,3.45,23.8,Flop
Studio Deen,Drama,3,Light Novel,Seinen,26,24,Low,Low,6.61,6.9,8,Fall,2017,1,6.47,70.2,Average
Bones,Psychological,3,Manga,Seinen,24,24,Low,Medium,7.29,6.8,12,Fall,2015,0,9.77,90.7,Hit
Madhouse,Mystery,2,Manga,Shounen,12,24,Low,High,4.51,4.2,6,Fall,2019,1,9.21,87.7,Hit
Madhouse,Supernatural,3,Original,Seinen,12,24,Medium,Medium,8.12,10.0,9,Fall,2017,0,9.84,100.0,Hit
Diomedea,Comedy,1,Light Novel,Seinen,12,24,High,Medium,3.09,7.5,11,Spring,2021,0,3.83,25.9,Flop
ufotable,Horror,3,Light Novel,Josei,26,12,Medium,Medium,5.16,2.8,10,Winter,2015,0,10.0,100.0,Hit
Lerche,Fantasy,3,Light Novel,Seinen,12,24,High,Low,5.25,7.6,7,Fall,2017,0,6.94,43.6,Average
Production I.G,Isekai,1,Light Novel,Shounen,12,24,Medium,Medium,4.19,10.6,11,Summer,2017,0,9.59,93.7,Hit
ufotable,Comedy,2,Manga,Seinen,13,24,Medium,Medium,9.87,10.2,9,Spring,2024,1,10.0,100.0,Hit
Diomedea,Horror,1,Light Novel,Shounen,24,24,High,Medium,1.0,11.5,5,Fall,2024,1,5.43,46.2,Flop
Studio Deen,Comedy,2,Manga,Shounen,13,24,Low,Low,4.88,11.7,2,Spring,2017,0,2.97,36.9,Flop
Production I.G,Horror,3,Light Novel,Shounen,50,24,Medium,Low,6.38,11.2,8,Summer,2019,0,7.9,73.4,Hit
MAPPA,Mystery,2,Web Novel,Josei,24,24,Low,Medium,8.18,6.8,9,Summer,2021,1,7.12,62.5,Average
Toei Animation,Adventure,3,Manga,Seinen,100,24,High,Medium,1.93,1.3,8,Winter,2017,0,8.47,100.0,Hit
Studio Deen,Action,3,Web Novel,Shounen,12,24,Low,Medium,4.33,6.1,1,Summer,2023,0,5.27,32.3,Flop
Toei Animation,Fantasy,3,Web Novel,Seinen,12,24,Low,High,1.29,11.2,5,Winter,2018,1,6.61,67.7,Average
Pierrot,Romance,1,Game,Seinen,50,24,High,Low,6.4,6.2,9,Spring,2021,0,8.31,100.0,Hit
Sunrise,Romance,1,Manga,Seinen,26,24,High,Low,6.8,9.5,4,Summer,2017,1,8.42,52.7,Average
Doga Kobo,Drama,2,Visual Novel,Josei,13,12,Low,Low,6.57,7.1,4,Winter,2024,0,3.69,42.3,Flop
Kyoto Animation,Action,3,Manga,Shounen,24,24,Medium,Low,7.9,14.0,9,Winter,2023,1,9.34,100.0,Hit
WIT Studio,Sci-Fi,2,Original,Shounen,24,24,High,Medium,6.65,7.6,8,Summer,2022,0,9.75,93.0,Hit
WIT Studio,Drama,2,Game,Seinen,50,24,High,Low,7.06,4.5,8,Summer,2016,0,9.1,69.0,Hit
Bones,Romance,1,Light Novel,Shoujo,13,24,Medium,Medium,5.69,8.2,11,Fall,2022,1,8.65,82.5,Hit
Pierrot,Mystery,3,Original,Seinen,24,24,Medium,Low,4.14,15.3,9,Spring,2020,1,7.35,68.1,Average
A-1 Pictures,Drama,2,Web Novel,Josei,12,24,Medium,Low,3.0,8.1,6,Winter,2019,1,6.48,72.8,Average
MAPPA,Comedy,2,Original,Shoujo,24,24,Medium,Medium,4.01,8.7,3,Fall,2023,1,9.76,93.4,Hit
Pierrot,Action,3,Light Novel,Seinen,12,24,Medium,Low,6.43,16.4,5,Spring,2018,0,8.3,62.0,Hit
Doga Kobo,Mecha,3,Original,Shoujo,13,24,Low,Medium,6.84,15.2,2,Winter,2015,1,6.38,67.3,Average
Toei Animation,Psychological,1,Manga,Shounen,12,24,Low,Low,5.17,13.3,3,Fall,2016,1,6.71,46.9,Average
MAPPA,Comedy,2,Original,Josei,12,24,Medium,Low,6.48,13.4,5,Spring,2015,0,9.53,86.7,Hit
Trigger,Action,2,Manga,Shoujo,24,12,Medium,Medium,6.7,10.3,11,Winter,2021,1,6.45,65.4,Average
WIT Studio,Fantasy,3,Web Novel,Josei,13,24,Medium,Low,6.42,2.4,6,Spring,2016,1,9.4,80.0,Hit
Doga Kobo,Sci-Fi,3,Light Novel,Seinen,50,24,High,Low,7.79,7.4,4,Fall,2021,0,9.34,62.5,Hit
Lerche,Drama,3,Light Novel,Seinen,12,12,High,Low,7.2,9.8,4,Spring,2021,1,5.9,79.8,Average
Toei Animation,Comedy,2,Manga,Seinen,24,24,Medium,Medium,4.24,4.9,4,Spring,2015,0,5.92,74.5,Average
Production I.G,Mecha,1,Visual Novel,Shounen,25,24,Low,Low,10.0,8.8,9,Winter,2018,0,7.93,93.9,Hit
Diomedea,Horror,3,Original,Seinen,12,24,Medium,Low,2.37,9.0,4,Fall,2021,0,3.61,43.4,Flop
WIT Studio,Psychological,1,Manga,Shounen,100,24,Low,Medium,4.0,16.1,7,Spring,2020,0,9.08,90.7,Hit
Bones,Action,2,Visual Novel,Shounen,13,24,High,Low,4.79,6.8,10,Winter,2019,0,7.66,74.9,Hit
Studio Deen,Drama,2,Web Novel,Shounen,26,24,Medium,High,3.36,7.3,5,Winter,2021,0,6.74,77.6,Average
Diomedea,Romance,2,Web Novel,Seinen,12,12,Medium,High,2.57,12.5,3,Spring,2017,1,5.5,55.7,Average
Trigger,Sports,2,Web Novel,Shounen,12,24,High,Low,6.31,8.8,6,Summer,2017,0,8.91,86.4,Hit
Trigger,Supernatural,1,Light Novel,Seinen,24,24,Low,High,5.13,13.3,2,Winter,2018,1,8.56,66.3,Hit
Kyoto Animation,Slice of Life,2,Light Novel,Shounen,12,24,Medium,Medium,6.87,6.1,9,Winter,2015,0,8.71,81.8,Hit
Trigger,Horror,1,Light Novel,Shoujo,26,24,Low,High,6.44,8.6,11,Summer,2024,0,7.95,86.8,Hit
Diomedea,Mystery,1,Web Novel,Seinen,12,24,Low,Medium,2.4,16.2,5,Summer,2021,1,1.42,16.1,Flop
Sunrise,Action,1,Web Novel,Seinen,12,12,Medium,Medium,4.38,8.3,6,Summer,2024,0,6.77,65.6,Average
Pierrot,Sci-Fi,1,Manga,Shounen,26,24,Medium,Medium,1.0,7.9,4,Spring,2024,0,5.28,47.2,Flop
Doga Kobo,Supernatural,3,Original,Seinen,13,24,Low,Medium,4.95,9.4,6,Spring,2023,0,5.34,26.2,Flop
A-1 Pictures,Supernatural,3,Manga,Shoujo,50,24,Medium,Low,4.63,8.8,6,Summer,2023,1,5.6,47.0,Flop
ufotable,Sports,1,Light Novel,Shounen,12,24,Medium,Medium,7.7,11.3,8,Fall,2017,1,10.0,96.7,Hit
Sunrise,Sci-Fi,1,Manga,Shounen,12,12,Low,High,4.09,5.5,5,Winter,2018,1,6.97,80.6,Hit
Toei Animation,Slice of Life,3,Original,Seinen,50,24,Medium,Medium,5.35,7.5,7,Winter,2021,0,7.8,70.6,Hit
CloverWorks,Supernatural,3,Web Novel,Shounen,24,24,Medium,Low,6.58,14.2,12,Fall,2023,1,7.34,72.1,Hit
Kyoto Animation,Adventure,3,Original,Seinen,26,12,High,High,8.41,0.0,4,Summer,2024,1,10.0,100.0,Hit
Silver Link,Action,2,Manga,Seinen,24,24,Low,Medium,3.8,10.3,4,Fall,2017,0,3.47,37.0,Flop
ufotable,Drama,3,Visual Novel,Shounen,12,24,High,Medium,6.62,1.5,14,Fall,2023,1,9.52,100.0,Hit
Diomedea,Adventure,2,Original,Seinen,100,24,Low,Medium,6.38,10.0,5,Spring,2019,0,3.93,25.1,Flop
Silver Link,Fantasy,3,Manga,Josei,24,24,Low,Medium,4.26,5.4,5,Winter,2016,1,3.69,45.1,Flop
Diomedea,Isekai,2,Game,Shoujo,25,24,High,Medium,5.52,9.2,1,Fall,2024,1,5.11,60.1,Flop
WIT Studio,Drama,1,Original,Shounen,24,24,Medium,Medium,7.32,7.3,8,Summer,2020,0,9.71,100.0,Hit
Sunrise,Drama,2,Light Novel,Shounen,12,24,Medium,Low,5.08,5.4,7,Fall,2019,0,5.32,64.7,Average
Trigger,Slice of Life,1,Visual Novel,Seinen,24,24,Medium,High,6.56,0.0,11,Fall,2022,0,8.3,88.2,Hit
Madhouse,Supernatural,2,Manga,Shounen,24,24,Medium,Medium,7.85,10.8,9,Fall,2017,0,10.0,100.0,Hit
Sunrise,Comedy,1,Light Novel,Josei,24,24,High,Low,4.66,3.3,12,Fall,2019,1,6.92,66.4,Average
Production I.G,Romance,3,Light Novel,Shounen,24,12,Medium,High,4.9,11.9,11,Spring,2021,0,8.97,89.9,Hit
Bones,Psychological,3,Game,Shounen,13,24,Medium,Medium,5.4,7.8,4,Summer,2017,0,7.57,90.3,Hit
Lerche,Horror,1,Light Novel,Shoujo,12,24,High,Low,4.21,8.1,7,Summer,2022,1,6.31,59.8,Average
Silver Link,Romance,3,Light Novel,Seinen,13,24,Medium,Low,3.37,15.3,4,Spring,2017,1,4.86,64.6,Average
Pierrot,Mystery,3,Original,Shounen,26,24,Medium,Medium,4.41,8.0,5,Fall,2021,1,6.96,82.7,Hit
Zero-G,Psychological,1,Manga,Josei,12,12,High,Medium,1.1,7.5,5,Fall,2019,1,6.14,67.7,Average
Bones,Mystery,3,Light Novel,Shoujo,26,24,Medium,Low,6.5,14.2,5,Fall,2019,1,9.54,74.8,Hit
Silver Link,Psychological,3,Light Novel,Josei,24,24,Medium,Low,6.55,7.9,3,Winter,2022,1,6.76,78.0,Average
Pierrot,Mystery,3,Manga,Josei,12,24,Low,Low,3.9,8.5,5,Fall,2017,0,7.29,49.9,Average
Kyoto Animation,Fantasy,2,Original,Seinen,24,24,High,Low,9.46,11.0,7,Fall,2024,0,10.0,100.0,Hit
J.C.Staff,Mystery,2,Original,Shounen,12,24,Medium,Low,6.63,6.3,6,Spring,2020,0,7.0,80.9,Hit
Trigger,Adventure,1,Manga,Shounen,25,12,Low,Medium,5.9,10.9,8,Spring,2020,1,8.09,79.3,Hit
Pierrot,Mecha,3,Manga,Seinen,12,24,Medium,Medium,4.58,11.5,3,Spring,2024,1,5.07,68.9,Average
Lerche,Romance,1,Manga,Shounen,12,24,Medium,Low,4.84,6.8,6,Spring,2023,1,7.02,52.5,Average
Pierrot,Drama,2,Light Novel,Shounen,50,24,Medium,Medium,4.04,2.3,7,Summer,2020,1,6.6,73.6,Average
Madhouse,Sci-Fi,2,Original,Shoujo,12,24,Medium,High,5.12,8.8,5,Fall,2018,0,10.0,100.0,Hit
Kyoto Animation,Action,2,Visual Novel,Seinen,12,12,Low,High,6.32,14.7,9,Winter,2020,1,9.56,73.9,Hit
Toei Animation,Psychological,2,Original,Shoujo,12,24,Low,Low,3.44,7.1,7,Winter,2015,1,7.97,79.6,Hit
Silver Link,Horror,3,Game,Shounen,12,24,Medium,Medium,2.18,4.2,2,Winter,2021,1,3.93,23.3,Flop
WIT Studio,Fantasy,3,Light Novel,Shoujo,12,24,Medium,Medium,7.28,10.3,11,Spring,2019,0,10.0,100.0,Hit
Toei Animation,Isekai,3,Light Novel,Seinen,12,24,Medium,Low,3.93,5.6,2,Fall,2017,0,6.45,77.7,Average
Silver Link,Isekai,1,Manga,Shounen,13,24,Low,Medium,4.62,10.2,2,Summer,2015,0,5.42,68.4,Average
Diomedea,Isekai,1,Manga,Shounen,25,24,Medium,Medium,3.01,9.7,4,Fall,2018,0,4.6,69.8,Average
CloverWorks,Adventure,2,Game,Shounen,13,24,Low,High,6.62,8.0,9,Summer,2022,1,7.07,90.4,Hit
Silver Link,Action,2,Manga,Seinen,50,24,Medium,Low,2.33,5.1,9,Summer,2021,1,5.38,55.3,Flop
Madhouse,Sci-Fi,1,Web Novel,Shoujo,12,24,High,Low,5.14,13.2,5,Summer,2024,1,10.0,100.0,Hit
MAPPA,Mecha,3,Manga,Shounen,13,24,Medium,High,7.7,3.2,12,Fall,2016,0,9.54,90.4,Hit
Kyoto Animation,Romance,1,Visual Novel,Shounen,13,24,Medium,Medium,4.59,12.6,15,Fall,2022,0,9.78,99.3,Hit
Sunrise,Isekai,3,Original,Shounen,12,24,Low,Low,4.23,7.9,8,Spring,2024,0,8.28,100.0,Hit
Lerche,Romance,1,Original,Seinen,26,24,Low,Medium,4.4,8.6,6,Spring,2017,0,5.05,36.7,Flop
Production I.G,Mecha,3,Light Novel,Seinen,12,24,Low,Medium,4.91,8.2,3,Winter,2015,1,5.97,70.4,Average
Toei Animation,Slice of Life,2,Light Novel,Seinen,26,24,Medium,Medium,2.17,2.0,4,Winter,2022,1,6.32,84.9,Average
Madhouse,Adventure,3,Manga,Shoujo,50,24,Low,Low,5.3,9.3,6,Spring,2016,0,8.62,100.0,Hit
Trigger,Mecha,2,Manga,Shounen,12,24,High,Low,5.37,6.1,7,Winter,2017,1,9.3,100.0,Hit
Production I.G,Supernatural,2,Manga,Seinen,12,24,Low,Low,5.29,6.2,6,Winter,2024,0,8.2,77.1,Hit
Zero-G,Horror,1,Web Novel,Seinen,100,24,Medium,Low,4.4,8.5,6,Winter,2020,1,7.37,67.6,Average
Zero-G,Sci-Fi,1,Game,Seinen,26,24,High,Medium,1.07,6.4,1,Summer,2023,0,6.28,69.9,Average
Studio Deen,Slice of Life,2,Manga,Seinen,12,24,Medium,High,2.52,9.1,5,Fall,2023,1,8.4,54.4,Hit
Madhouse,Romance,2,Visual Novel,Seinen,26,24,High,Low,5.24,9.4,10,Summer,2021,0,9.25,87.8,Hit
A-1 Pictures,Comedy,1,Light Novel,Shounen,24,24,High,Medium,4.78,4.4,4,Spring,2017,0,8.2,72.1,Hit
Silver Link,Comedy,1,Web Novel,Seinen,50,24,Medium,Low,2.64,2.1,4,Fall,2022,0,4.92,60.9,Flop
WIT Studio,Romance,1,Manga,Josei,12,24,Medium,Low,4.38,8.5,9,Spring,2019,0,9.82,100.0,Hit
Doga Kobo,Sci-Fi,1,Manga,Shounen,12,24,Medium,Medium,5.51,13.2,9,Fall,2022,0,7.69,79.1,Hit
Pierrot,Romance,3,Manga,Shounen,13,24,Low,High,4.26,9.1,2,Fall,2016,1,5.21,64.5,Average
J.C.Staff,Sports,1,Manga,Josei,12,24,Low,Low,4.45,13.6,7,Summer,2015,0,3.76,32.5,Flop
Silver Link,Action,3,Original,Seinen,24,24,Medium,Medium,4.57,1.5,7,Fall,2015,1,5.65,38.4,Flop
Lerche,Sci-Fi,2,Light Novel,Shounen,13,24,Medium,High,5.03,7.9,6,Fall,2021,1,8.03,99.5,Hit
ufotable,Action,1,Visual Novel,Seinen,12,24,High,Medium,5.61,10.8,10,Winter,2016,0,9.46,94.0,Hit
WIT Studio,Comedy,1,Light Novel,Shounen,12,24,Medium,Medium,5.17,11.0,9,Spring,2015,1,9.22,85.2,Hit
Lerche,Isekai,3,Manga,Seinen,24,24,Medium,Low,4.17,6.2,4,Fall,2020,0,5.33,43.4,Flop
J.C.Staff,Adventure,1,Light Novel,Shoujo,25,24,Medium,Low,2.16,3.0,6,Spring,2021,0,6.71,77.6,Average
Toei Animation,Action,1,Original,Seinen,25,24,Medium,Medium,6.76,5.6,7,Winter,2020,0,9.84,100.0,Hit
Pierrot,Slice of Life,1,Light Novel,Seinen,13,24,Low,Medium,1.94,8.7,1,Winter,2017,1,7.61,51.1,Average
MAPPA,Sports,3,Original,Josei,12,24,Medium,High,10.0,21.1,6,Winter,2020,1,9.58,100.0,Hit
Madhouse,Sports,3,Light Novel,Shounen,26,24,Medium,Low,5.78,8.4,9,Winter,2021,0,5.84,60.6,Average
Silver Link,Romance,3,Original,Shounen,13,12,High,Medium,3.53,5.4,3,Spring,2024,1,8.11,85.1,Hit
Silver Link,Drama,2,Manga,Shounen,24,24,Low,Low,2.06,2.7,5,Spring,2022,1,5.4,37.2,Flop
Studio Deen,Supernatural,2,Web Novel,Seinen,24,24,Medium,Low,7.37,11.3,5,Fall,2018,1,6.0,64.2,Average
Zero-G,Sci-Fi,1,Visual Novel,Shounen,24,12,Medium,Medium,3.01,6.6,5,Fall,2022,1,5.23,33.4,Flop
Madhouse,Horror,1,Web Novel,Seinen,24,24,Low,Medium,2.41,14.1,8,Winter,2023,0,7.13,76.8,Hit
Toei Animation,Psychological,1,Manga,Seinen,13,24,High,High,4.5,9.4,11,Spring,2015,0,9.52,73.5,Hit
Kyoto Animation,Horror,1,Original,Shounen,12,24,Low,Medium,7.75,10.9,12,Summer,2017,0,10.0,81.1,Hit
Production I.G,Mystery,3,Manga,Seinen,12,24,Medium,Low,7.67,4.8,7,Spring,2016,0,9.36,92.3,Hit
Pierrot,Comedy,2,Manga,Shoujo,24,24,Low,Medium,6.15,14.4,7,Spring,2019,0,8.02,70.3,Hit
Doga Kobo,Drama,1,Visual Novel,Seinen,50,24,Medium,High,4.66,7.0,3,Summer,2016,0,8.21,69.1,Hit
CloverWorks,Comedy,2,Original,Shounen,24,24,Medium,Low,5.36,7.8,13,Fall,2021,1,9.61,91.7,Hit
Madhouse,Sci-Fi,2,Light Novel,Seinen,12,24,Low,Low,3.29,10.6,7,Summer,2016,0,8.04,79.7,Hit
Diomedea,Supernatural,1,Light Novel,Shounen,24,24,Medium,Medium,2.16,9.6,8,Winter,2023,1,4.74,49.6,Flop
Zero-G,Sci-Fi,2,Visual Novel,Shounen,24,12,Medium,Low,3.71,8.0,6,Summer,2023,0,6.07,54.0,Average
Doga Kobo,Sports,2,Original,Shounen,13,12,Medium,High,5.37,11.6,3,Summer,2018,1,10.0,94.6,Hit
Lerche,Sci-Fi,2,Light Novel,Shounen,12,24,Medium,Medium,5.55,12.8,2,Summer,2021,1,3.5,17.3,Flop
ufotable,Drama,3,Original,Shounen,24,24,Medium,Medium,6.4,7.0,7,Spring,2015,0,9.81,90.8,Hit
CloverWorks,Adventure,2,Light Novel,Seinen,12,12,Medium,High,5.84,13.4,3,Winter,2024,1,10.0,95.4,Hit
CloverWorks,Sci-Fi,1,Visual Novel,Shounen,12,24,High,Medium,1.53,8.2,3,Fall,2022,0,9.78,100.0,Hit
Bones,Psychological,1,Manga,Shounen,24,24,Medium,Low,5.81,1.9,6,Fall,2021,0,8.18,77.8,Hit
ufotable,Supernatural,2,Light Novel,Shoujo,12,24,Medium,Low,7.42,3.3,9,Winter,2016,0,10.0,92.0,Hit
Kyoto Animation,Action,3,Manga,Shounen,12,24,Low,Medium,6.62,6.9,8,Fall,2024,1,10.0,100.0,Hit
J.C.Staff,Mecha,3,Visual Novel,Shounen,13,12,Low,Medium,5.1,13.2,4,Summer,2017,1,7.18,51.5,Average
Trigger,Action,3,Manga,Shounen,50,24,Low,Low,5.84,13.1,9,Summer,2023,0,9.98,100.0,Hit
CloverWorks,Mystery,1,Light Novel,Shoujo,12,24,High,Low,5.28,5.5,7,Summer,2015,1,10.0,98.1,Hit
Sunrise,Slice of Life,3,Manga,Shounen,24,24,Low,Low,4.61,5.3,10,Winter,2023,1,5.38,53.7,Flop
Pierrot,Comedy,1,Light Novel,Shoujo,26,24,Low,Low,5.39,12.0,4,Fall,2018,1,5.54,57.7,Average
Zero-G,Action,2,Light Novel,Seinen,13,24,Low,Low,4.62,1.9,7,Fall,2016,0,3.64,42.9,Flop
Silver Link,Horror,2,Light Novel,Seinen,12,12,High,Medium,2.55,2.6,10,Summer,2015,1,6.02,68.2,Average
Studio Deen,Sports,2,Visual Novel,Seinen,12,24,Medium,Medium,5.01,8.6,7,Winter,2021,0,6.58,46.4,Average
Doga Kobo,Fantasy,1,Original,Shounen,24,24,Medium,Low,3.92,8.4,5,Spring,2015,1,5.84,61.2,Average
Production I.G,Fantasy,1,Original,Seinen,12,24,Medium,Low,5.14,17.2,9,Summer,2018,1,9.7,90.1,Hit
Kyoto Animation,Action,1,Original,Josei,12,24,High,High,6.03,7.7,7,Winter,2024,1,9.35,100.0,Hit
A-1 Pictures,Romance,3,Light Novel,Shounen,12,24,Medium,High,5.3,5.6,5,Fall,2024,0,9.32,96.7,Hit
CloverWorks,Romance,1,Manga,Josei,13,12,Medium,Medium,4.42,3.4,8,Spring,2015,1,9.32,100.0,Hit
Kyoto Animation,Drama,1,Visual Novel,Shoujo,12,24,Medium,Medium,7.24,5.1,9,Summer,2015,0,10.0,100.0,Hit
Production I.G,Mecha,2,Light Novel,Shounen,26,24,Low,Low,6.28,8.4,16,Winter,2022,0,6.83,100.0,Hit
Doga Kobo,Sports,1,Light Novel,Seinen,26,24,Low,Low,5.12,13.9,7,Spring,2021,0,6.15,67.1,Average
Madhouse,Romance,3,Original,Shounen,26,24,Low,Medium,6.27,7.2,7,Spring,2020,0,7.2,54.3,Average
Madhouse,Slice of Life,1,Manga,Shounen,13,24,Medium,Medium,5.24,9.9,8,Winter,2016,1,10.0,88.1,Hit
Diomedea,Isekai,1,Manga,Shoujo,24,24,Medium,Low,2.76,1.9,6,Summer,2019,0,6.17,64.3,Average
Sunrise,Sports,2,Web Novel,Shounen,50,24,Low,Low,4.07,8.5,8,Winter,2024,1,8.28,91.2,Hit
MAPPA,Slice of Life,1,Manga,Shoujo,12,24,Low,Low,5.9,5.4,4,Spring,2021,1,9.9,82.9,Hit
A-1 Pictures,Sports,3,Manga,Shounen,26,24,Medium,Low,7.9,3.2,4,Fall,2021,0,7.29,92.4,Hit
MAPPA,Fantasy,3,Light Novel,Seinen,12,24,Low,Low,4.93,1.3,6,Summer,2020,0,8.96,64.0,Hit
Toei Animation,Isekai,3,Light Novel,Shounen,12,12,Low,Medium,4.61,8.3,6,Winter,2015,1,5.38,25.2,Flop
Pierrot,Mecha,2,Visual Novel,Shounen,24,24,High,Low,5.84,11.5,4,Winter,2016,0,7.54,83.3,Hit
Lerche,Romance,3,Manga,Seinen,12,24,Medium,Low,4.3,12.0,6,Fall,2020,1,5.86,51.6,Average
Silver Link,Drama,1,Original,Seinen,12,24,Medium,Low,1.49,7.1,5,Winter,2020,0,6.62,64.5,Average
ufotable,Sports,2,Manga,Shounen,26,12,High,High,8.23,9.2,11,Summer,2024,1,10.0,94.6,Hit
Sunrise,Supernatural,2,Manga,Shounen,12,24,Medium,Medium,2.91,8.0,5,Fall,2016,0,7.99,80.9,Hit
Kyoto Animation,Mystery,3,Visual Novel,Shounen,12,24,Low,Medium,7.48,9.6,11,Winter,2016,0,9.76,86.3,Hit
Trigger,Sci-Fi,1,Game,Shounen,26,12,Medium,Low,6.16,9.9,3,Fall,2024,1,5.35,41.6,Flop
J.C.Staff,Isekai,3,Web Novel,Shounen,50,12,Medium,High,3.76,4.2,4,Winter,2015,1,5.05,46.6,Flop
Lerche,Adventure,2,Light Novel,Shoujo,12,24,Medium,Low,5.09,6.5,6,Fall,2023,0,3.5,49.9,Flop
A-1 Pictures,Drama,1,Original,Shoujo,24,12,Low,Medium,3.85,2.6,7,Fall,2022,1,8.12,55.8,Average
Lerche,Action,3,Light Novel,Seinen,26,24,High,Medium,3.08,5.7,9,Summer,2024,0,5.88,52.5,Average
WIT Studio,Mecha,1,Web Novel,Seinen,12,24,Medium,Low,4.87,10.0,6,Spring,2024,0,7.97,80.1,Hit
J.C.Staff,Fantasy,1,Original,Shounen,26,24,Medium,Low,5.05,6.2,7,Summer,2019,1,4.67,60.1,Flop
MAPPA,Mystery,2,Original,Josei,12,24,Low,Medium,8.38,5.0,9,Fall,2018,0,10.0,93.5,Hit
Studio Deen,Mecha,2,Light Novel,Seinen,50,24,High,Low,2.82,8.6,7,Fall,2021,0,7.62,91.9,Hit
J.C.Staff,Romance,1,Light Novel,Josei,13,24,Medium,Low,4.75,5.3,2,Winter,2022,1,7.0,75.0,Hit
Madhouse,Romance,1,Original,Seinen,12,24,Medium,Low,4.86,10.2,11,Spring,2016,1,8.94,86.7,Hit
Doga Kobo,Comedy,1,Manga,Shoujo,12,12,High,Medium,6.65,12.8,5,Winter,2022,0,6.54,68.0,Average
Diomedea,Sports,3,Visual Novel,Seinen,50,24,Low,High,3.03,2.5,4,Winter,2020,0,3.27,28.9,Flop
CloverWorks,Action,3,Game,Seinen,24,24,Medium,Medium,6.29,11.7,8,Summer,2019,0,7.08,86.3,Hit
ufotable,Slice of Life,1,Manga,Shounen,24,12,Medium,Low,5.21,6.2,5,Winter,2017,0,9.06,94.7,Hit
Madhouse,Fantasy,1,Visual Novel,Seinen,13,24,Low,Medium,6.15,9.5,9,Spring,2017,1,9.83,94.9,Hit
Kyoto Animation,Slice of Life,3,Manga,Seinen,25,24,High,Low,8.12,20.4,12,Spring,2019,1,9.07,81.6,Hit
MAPPA,Adventure,1,Original,Shounen,12,24,Low,Low,4.22,13.3,6,Summer,2024,1,10.0,81.3,Hit
Doga Kobo,Action,1,Light Novel,Shoujo,13,24,Low,Medium,2.9,4.2,3,Winter,2023,0,5.6,46.9,Flop
CloverWorks,Mystery,2,Original,Shounen,50,24,Low,High,6.94,1.2,11,Fall,2016,0,8.47,100.0,Hit
Trigger,Psychological,3,Visual Novel,Shounen,12,12,Low,High,6.88,9.9,4,Fall,2018,0,8.27,97.6,Hit
Zero-G,Horror,2,Manga,Seinen,24,24,High,High,4.26,16.2,9,Winter,2024,1,6.63,56.2,Average
ufotable,Fantasy,2,Game,Shoujo,12,24,High,Low,5.92,3.8,8,Spring,2017,0,9.78,100.0,Hit
Doga Kobo,Sci-Fi,1,Web Novel,Shoujo,25,24,Low,Medium,1.0,2.0,7,Summer,2020,0,6.14,21.1,Flop
Bones,Mystery,1,Web Novel,Seinen,13,12,Low,Medium,5.71,11.3,12,Summer,2016,1,6.22,36.3,Flop
Pierrot,Horror,1,Game,Shounen,26,24,Medium,High,4.66,7.9,4,Spring,2017,0,8.79,98.7,Hit
Trigger,Drama,1,Original,Seinen,12,24,High,Medium,7.58,13.2,9,Fall,2023,1,9.92,92.5,Hit
CloverWorks,Drama,3,Manga,Seinen,12,24,Medium,High,5.3,12.8,6,Winter,2019,1,8.72,100.0,Hit
MAPPA,Psychological,1,Light Novel,Shounen,26,24,Medium,Medium,5.04,5.9,10,Winter,2016,0,8.26,90.8,Hit
Madhouse,Fantasy,1,Original,Shounen,50,24,High,Medium,6.95,0.0,8,Summer,2021,0,9.35,99.2,Hit
ufotable,Isekai,2,Light Novel,Shounen,12,24,Medium,Low,5.32,5.7,8,Winter,2016,0,9.69,98.0,Hit
Bones,Mecha,2,Manga,Seinen,12,24,Medium,Medium,6.53,9.2,10,Fall,2024,1,9.56,93.9,Hit
Silver Link,Psychological,1,Light Novel,Seinen,24,12,High,Low,3.05,8.4,7,Fall,2016,1,8.77,68.0,Hit
WIT Studio,Isekai,1,Visual Novel,Josei,13,24,Medium,Low,4.59,5.5,16,Winter,2015,0,9.5,100.0,Hit
J.C.Staff,Sports,1,Manga,Seinen,100,24,Medium,High,4.4,10.4,4,Winter,2024,1,7.5,41.6,Average
Diomedea,Mystery,1,Manga,Shounen,12,24,Low,High,6.32,5.5,5,Spring,2018,0,6.19,45.6,Average
Doga Kobo,Drama,3,Web Novel,Shounen,24,24,High,Low,6.21,9.8,10,Fall,2021,1,7.22,43.5,Average
A-1 Pictures,Slice of Life,1,Game,Shoujo,24,24,Medium,Medium,5.97,10.2,10,Fall,2022,0,10.0,92.0,Hit
Production I.G,Sports,1,Web Novel,Shounen,12,24,Low,Low,6.64,7.1,5,Winter,2018,0,9.42,97.7,Hit
Pierrot,Isekai,1,Original,Shoujo,12,24,Medium,Medium,4.74,0.0,5,Summer,2016,1,7.51,73.4,Hit
MAPPA,Psychological,1,Visual Novel,Shoujo,24,24,Low,Medium,6.74,13.8,14,Summer,2019,0,8.52,78.3,Hit
A-1 Pictures,Adventure,3,Original,Josei,24,24,Low,Low,2.2,10.5,9,Fall,2020,0,7.24,100.0,Hit
CloverWorks,Sci-Fi,1,Manga,Seinen,13,24,High,Medium,6.02,13.8,10,Winter,2022,0,9.77,80.4,Hit
Lerche,Romance,3,Web Novel,Shounen,26,24,High,Low,3.39,7.5,1,Summer,2020,0,4.66,65.3,Flop
CloverWorks,Horror,2,Light Novel,Shoujo,12,12,Medium,Low,5.35,1.9,6,Winter,2016,1,6.73,65.7,Average
Kyoto Animation,Sci-Fi,2,Manga,Shoujo,100,24,High,Low,4.78,4.0,9,Summer,2015,1,9.52,100.0,Hit
CloverWorks,Horror,2,Web Novel,Shounen,12,24,Low,Medium,7.48,9.7,9,Fall,2017,1,5.8,66.7,Average
Madhouse,Sports,2,Manga,Shounen,12,24,Medium,High,6.23,6.0,9,Summer,2023,0,10.0,100.0,Hit
Bones,Sports,3,Light Novel,Seinen,13,24,Low,Medium,2.08,3.5,14,Fall,2016,0,6.71,52.4,Average
Madhouse,Sci-Fi,1,Web Novel,Shounen,12,24,Low,Low,4.13,8.4,6,Fall,2017,1,5.13,57.2,Flop
Kyoto Animation,Sci-Fi,2,Light Novel,Shoujo,12,24,Medium,Medium,8.34,7.3,7,Winter,2021,1,8.86,86.1,Hit
Studio Deen,Romance,2,Light Novel,Seinen,24,24,Medium,Low,3.78,11.3,2,Spring,2016,1,4.46,32.6,Flop
Diomedea,Comedy,1,Manga,Seinen,24,24,Low,High,3.38,7.1,1,Winter,2024,1,4.13,52.5,Flop
Lerche,Drama,2,Manga,Shounen,50,24,Medium,Medium,2.02,10.5,7,Spring,2015,1,7.21,86.7,Hit
Diomedea,Action,2,Manga,Shoujo,50,24,High,Low,2.84,12.6,2,Winter,2015,1,3.79,53.0,Flop
Sunrise,Fantasy,2,Manga,Josei,12,24,High,Low,6.73,10.6,5,Spring,2021,1,7.26,77.5,Hit
Production I.G,Slice of Life,3,Original,Shounen,13,24,Medium,Medium,4.94,1.3,9,Winter,2017,0,8.5,72.6,Hit
Silver Link,Adventure,1,Light Novel,Josei,12,24,Medium,Medium,5.96,7.4,13,Spring,2020,1,9.08,96.6,Hit
J.C.Staff,Adventure,3,Manga,Seinen,13,24,Medium,Medium,7.7,11.2,8,Spring,2017,0,8.79,89.6,Hit
WIT Studio,Comedy,1,Manga,Seinen,12,24,High,Medium,5.5,4.3,5,Fall,2016,1,10.0,98.0,Hit
Silver Link,Drama,3,Manga,Shoujo,24,24,Low,Medium,1.0,4.8,6,Summer,2024,0,2.26,34.5,Flop
Bones,Supernatural,2,Light Novel,Seinen,13,24,Medium,Medium,7.29,12.5,10,Winter,2017,1,10.0,94.5,Hit
Lerche,Sci-Fi,2,Manga,Seinen,12,24,High,Low,3.73,6.6,4,Fall,2019,1,6.28,75.8,Average
J.C.Staff,Supernatural,1,Manga,Shoujo,25,24,High,Medium,4.5,1.7,4,Spring,2017,1,7.36,83.5,Hit
Diomedea,Supernatural,2,Visual Novel,Seinen,25,24,High,Low,3.68,7.3,9,Winter,2016,0,4.68,64.5,Flop
Madhouse,Fantasy,2,Web Novel,Josei,13,12,Medium,Medium,7.32,11.3,15,Spring,2022,1,9.17,100.0,Hit
Studio Deen,Adventure,3,Visual Novel,Seinen,24,24,Medium,Medium,3.1,3.9,1,Summer,2017,1,5.07,63.6,Average
Doga Kobo,Psychological,3,Manga,Seinen,24,24,Medium,Low,4.42,10.4,6,Summer,2022,0,7.84,76.7,Hit
J.C.Staff,Slice of Life,3,Light Novel,Seinen,24,24,High,Low,2.67,5.2,4,Spring,2020,0,7.69,67.1,Hit
WIT Studio,Drama,1,Original,Shoujo,26,12,Medium,Low,3.71,8.8,6,Summer,2018,0,7.3,70.6,Hit
Pierrot,Slice of Life,1,Original,Seinen,50,24,Low,Low,7.32,9.2,6,Fall,2024,0,7.82,83.5,Hit
Silver Link,Mystery,2,Manga,Seinen,13,24,Low,Medium,5.42,9.7,7,Fall,2020,0,6.24,56.7,Average
Silver Link,Comedy,3,Light Novel,Shoujo,50,24,Low,High,4.18,10.5,8,Winter,2024,0,8.43,90.1,Hit
J.C.Staff,Romance,3,Manga,Shounen,50,24,High,Medium,5.01,9.1,7,Fall,2023,0,7.68,86.0,Hit
MAPPA,Comedy,3,Original,Shounen,13,24,High,Low,8.59,12.6,8,Fall,2023,1,10.0,88.3,Hit
MAPPA,Mystery,2,Light Novel,Shounen,12,24,Medium,High,4.26,4.4,11,Summer,2024,1,10.0,78.2,Hit
Doga Kobo,Supernatural,3,Manga,Josei,12,24,Low,Low,3.93,11.0,5,Fall,2021,0,4.69,71.9,Average
Lerche,Psychological,1,Visual Novel,Shounen,12,24,Low,Medium,5.0,15.6,2,Fall,2022,1,4.27,34.1,Flop
Doga Kobo,Comedy,2,Light Novel,Shoujo,12,24,Medium,High,4.44,5.1,4,Summer,2017,1,7.81,48.8,Average
Sunrise,Psychological,1,Manga,Shounen,13,24,Medium,Low,4.23,5.2,7,Fall,2024,0,7.14,71.7,Average
Studio Deen,Drama,1,Web Novel,Shounen,50,24,Medium,High,3.64,8.6,5,Spring,2020,0,5.03,42.6,Flop
Lerche,Action,3,Visual Novel,Shoujo,26,24,High,Medium,3.83,6.4,7,Summer,2017,1,7.94,79.8,Hit
Pierrot,Supernatural,2,Original,Shounen,13,24,Low,High,3.49,13.1,3,Spring,2015,1,7.95,64.0,Hit
Studio Deen,Action,1,Manga,Shounen,24,24,High,High,4.1,10.3,3,Winter,2023,1,7.53,83.3,Hit
Sunrise,Supernatural,2,Light Novel,Shoujo,100,24,Medium,Medium,4.18,8.4,9,Spring,2019,1,8.15,84.4,Hit
CloverWorks,Horror,1,Manga,Shounen,12,24,Medium,Low,5.76,7.1,3,Winter,2019,1,10.0,97.6,Hit
Sunrise,Action,3,Manga,Seinen,100,24,Low,Low,6.94,0.4,4,Fall,2017,1,7.63,84.1,Hit
Kyoto Animation,Sci-Fi,3,Light Novel,Seinen,12,24,Medium,Low,4.81,9.8,7,Winter,2024,0,7.76,80.7,Hit
Diomedea,Comedy,1,Manga,Shoujo,12,24,Low,Low,2.93,7.6,4,Fall,2024,1,2.22,18.9,Flop
J.C.Staff,Isekai,1,Original,Shounen,50,24,Medium,Low,3.92,6.2,6,Summer,2015,1,5.27,51.0,Flop
Sunrise,Psychological,1,Light Novel,Shounen,12,24,Low,Medium,6.19,4.1,6,Winter,2021,1,6.65,67.1,Average
Pierrot,Action,1,Light Novel,Shoujo,13,24,Low,Medium,4.71,4.4,4,Winter,2017,1,4.88,69.9,Average
Lerche,Adventure,3,Light Novel,Shoujo,50,24,Low,Low,3.62,5.3,5,Summer,2024,1,3.86,45.9,Flop
Madhouse,Isekai,1,Original,Shounen,24,24,Medium,Low,5.6,4.6,7,Fall,2017,0,8.09,70.1,Hit
Studio Deen,Horror,1,Original,Shounen,13,24,Low,High,4.04,19.6,4,Fall,2015,0,7.03,78.3,Hit
Diomedea,Action,2,Web Novel,Josei,26,24,High,Medium,2.0,5.8,3,Fall,2016,0,5.01,46.2,Flop
Toei Animation,Action,2,Manga,Shounen,50,24,Low,Medium,6.24,1.3,5,Spring,2021,1,5.63,52.9,Flop
A-1 Pictures,Sports,3,Manga,Shounen,12,24,Low,Medium,3.51,11.2,7,Fall,2023,1,4.88,80.6,Average
WIT Studio,Psychological,2,Manga,Seinen,12,24,Low,Low,5.49,6.9,7,Spring,2023,1,9.99,75.7,Hit
A-1 Pictures,Horror,3,Original,Shounen,13,24,High,High,5.21,13.4,5,Winter,2017,1,6.49,81.2,Average
CloverWorks,Sci-Fi,1,Light Novel,Seinen,100,24,High,High,5.54,12.8,2,Spring,2021,0,9.16,56.7,Hit
Trigger,Romance,3,Original,Shoujo,12,24,Low,High,10.0,3.4,5,Winter,2024,1,10.0,100.0,Hit
Studio Deen,Sports,1,Light Novel,Shoujo,25,12,Low,High,3.06,8.8,11,Summer,2024,0,7.96,56.9,Average
Diomedea,Sports,2,Manga,Shounen,25,24,Medium,Medium,3.0,11.0,2,Fall,2023,0,4.9,68.2,Average
CloverWorks,Comedy,1,Web Novel,Shoujo,25,24,High,Medium,7.34,9.7,4,Spring,2021,1,10.0,61.1,Hit
Zero-G,Isekai,1,Original,Shounen,12,24,Medium,Medium,4.93,6.0,1,Fall,2015,1,4.68,19.4,Flop
Kyoto Animation,Horror,3,Web Novel,Seinen,24,24,Low,High,6.38,11.0,10,Fall,2024,0,7.61,80.5,Hit
Studio Deen,Sports,1,Web Novel,Seinen,12,24,High,Medium,5.55,6.0,7,Fall,2022,0,6.5,62.3,Average
Studio Deen,Sci-Fi,1,Manga,Shoujo,13,24,Low,Medium,2.94,1.3,5,Winter,2018,0,5.98,62.1,Average
Sunrise,Fantasy,1,Light Novel,Seinen,12,24,Low,High,5.18,15.2,7,Spring,2021,1,8.25,92.0,Hit
Doga Kobo,Fantasy,1,Manga,Shoujo,13,24,Medium,Low,2.54,11.9,4,Winter,2024,1,5.4,64.1,Average
Zero-G,Slice of Life,2,Manga,Seinen,50,24,High,Low,3.89,7.5,5,Winter,2022,1,5.86,63.1,Average
Zero-G,Slice of Life,1,Manga,Shoujo,50,24,Medium,High,1.0,7.3,6,Fall,2017,1,6.98,77.9,Hit
Lerche,Supernatural,2,Manga,Josei,50,24,Low,Medium,2.96,7.5,7,Spring,2019,1,5.43,54.0,Flop
Zero-G,Psychological,2,Manga,Seinen,25,12,Medium,High,2.47,12.5,2,Fall,2023,0,5.7,49.2,Flop
Lerche,Romance,2,Web Novel,Seinen,12,24,Low,Medium,4.26,6.7,5,Summer,2018,0,4.52,67.7,Flop
Toei Animation,Slice of Life,3,Light Novel,Seinen,13,24,High,Low,7.05,3.3,7,Fall,2019,1,8.12,67.2,Hit
Doga Kobo,Romance,3,Original,Shounen,24,24,Low,Medium,3.85,1.3,5,Spring,2020,1,5.14,44.6,Flop
Bones,Drama,3,Light Novel,Shounen,12,24,Medium,Low,7.2,2.3,10,Spring,2018,1,8.36,82.4,Hit
Lerche,Sports,2,Original,Seinen,24,24,Low,Medium,4.49,9.7,2,Summer,2017,0,3.25,27.8,Flop
Lerche,Isekai,3,Original,Seinen,12,24,Medium,Low,3.06,0.9,3,Winter,2021,0,5.88,68.9,Average
Sunrise,Horror,2,Original,Shounen,24,24,Medium,High,4.23,10.6,5,Fall,2017,0,8.38,63.9,Hit
Trigger,Comedy,3,Manga,Josei,13,24,Medium,High,3.17,11.5,11,Spring,2023,1,10.0,100.0,Hit
A-1 Pictures,Sci-Fi,3,Original,Shounen,12,24,Medium,Low,5.89,10.5,11,Fall,2022,1,8.07,100.0,Hit
Trigger,Isekai,3,Visual Novel,Josei,24,24,Medium,Low,7.67,6.8,9,Winter,2022,0,9.73,89.9,Hit
Silver Link,Sci-Fi,3,Light Novel,Seinen,24,24,High,Low,2.56,7.3,10,Fall,2023,1,5.61,61.5,Average
Trigger,Supernatural,2,Web Novel,Shounen,24,24,Low,High,7.56,7.6,3,Fall,2021,1,6.71,50.5,Average
Kyoto Animation,Comedy,2,Visual Novel,Seinen,26,12,Low,Medium,9.62,9.5,5,Summer,2015,0,9.48,99.9,Hit
J.C.Staff,Mystery,3,Manga,Shounen,24,24,Low,Low,5.36,10.0,3,Spring,2023,0,5.63,56.0,Average
Production I.G,Slice of Life,2,Light Novel,Shounen,24,24,Medium,Medium,6.92,9.4,6,Summer,2018,1,9.82,100.0,Hit
Madhouse,Supernatural,1,Original,Seinen,13,12,Medium,Medium,9.26,11.6,4,Fall,2024,0,8.79,87.3,Hit
Pierrot,Mystery,3,Original,Shounen,12,24,Low,Medium,2.95,12.5,7,Spring,2019,0,3.97,37.9,Flop
Sunrise,Psychological,1,Original,Seinen,12,12,Medium,Medium,3.83,9.8,7,Summer,2016,0,7.83,77.1,Hit
Zero-G,Sci-Fi,2,Original,Shounen,13,24,High,Medium,6.49,4.8,2,Summer,2019,1,6.97,64.8,Average
CloverWorks,Mystery,3,Visual Novel,Seinen,24,24,Medium,High,5.36,9.3,7,Winter,2023,1,10.0,80.8,Hit
Toei Animation,Supernatural,3,Light Novel,Shounen,13,24,High,Medium,4.51,14.6,4,Fall,2018,0,7.21,82.7,Hit
J.C.Staff,Comedy,2,Visual Novel,Seinen,13,24,Low,Medium,3.19,4.1,7,Summer,2017,1,6.86,85.2,Hit
